Rango,Titulo,Año,Calificacion_IMDb,URL
1,"<selenium.webdriver.remote.webelement.WebElement (session=""db467c3ebf9bcead083959fdb0766a3d"", element=""f.D60EB50D249A8A9BEAF2B10599F5582D.d.2B78EBC1C345820865C67A22936C5BC4.e.292"")>",1994,"9,3",https://www.imdb.com/es-es/title/tt0111161/?ref_=chttp_t_1
2,"<selenium.webdriver.remote.webelement.WebElement (session=""db467c3ebf9bcead083959fdb0766a3d"", element=""f.D60EB50D249A8A9BEAF2B10599F5582D.d.2B78EBC1C345820865C67A22936C5BC4.e.296"")>",1972,"9,2",https://www.imdb.com/es-es/title/tt0068646/?ref_=chttp_t_2
3,"<selenium.webdriver.remote.webelement.WebElement (session=""db467c3ebf9bcead083959fdb0766a3d"", element=""f.D60EB50D249A8A9BEAF2B10599F5582D.d.2B78EBC1C345820865C67A22936C5BC4.e.300"")>",2008,"9,1",https://www.imdb.com/es-es/title/tt0468569/?ref_=chttp_t_3
4,"<selenium.webdriver.remote.webelement.WebElement (session=""db467c3ebf9bcead083959fdb0766a3d"", element=""f.D60EB50D249A8A9BEAF2B10599F5582D.d.2B78EBC1C345820865C67A22936C5BC4.e.304"")>",1974,"9,0",https://www.imdb.com/es-es/title/tt0071562/?ref_=chttp_t_4
5,"<selenium.webdriver.remote.webelement.WebElement (session=""db467c3ebf9bcead083959fdb0766a3d"", element=""f.D60EB50D249A8A9BEAF2B10599F5582D.d.2B78EBC1C345820865C67A22936C5BC4.e.308"")>",1957,"9,0",https://www.imdb.com/es-es/title/tt0050083/?ref_=chttp_t_5
6,"<selenium.webdriver.remote.webelement.WebElement (session=""db467c3ebf9bcead083959fdb0766a3d"", element=""f.D60EB50D249A8A9BEAF2B10599F5582D.d.2B78EBC1C345820865C67A22936C5BC4.e.312"")>",2003,"9,0",https://www.imdb.com/es-es/title/tt0167260/?ref_=chttp_t_6
7,"<selenium.webdriver.remote.webelement.WebElement (session=""db467c3ebf9bcead083959fdb0766a3d"", element=""f.D60EB50D249A8A9BEAF2B10599F5582D.d.2B78EBC1C345820865C67A22936C5BC4.e.316"")>",1993,"9,0",https://www.imdb.com/es-es/title/tt0108052/?ref_=chttp_t_7
8,"<selenium.webdriver.remote.webelement.WebElement (session=""db467c3ebf9bcead083959fdb0766a3d"", element=""f.D60EB50D249A8A9BEAF2B10599F5582D.d.2B78EBC1C345820865C67A22936C5BC4.e.320"")>",1994,"8,8",https://www.imdb.com/es-es/title/tt0110912/?ref_=chttp_t_8
9,"<selenium.webdriver.remote.webelement.WebElement (session=""db467c3ebf9bcead083959fdb0766a3d"", element=""f.D60EB50D249A8A9BEAF2B10599F5582D.d.2B78EBC1C345820865C67A22936C5BC4.e.324"")>",2001,"8,9",https://www.imdb.com/es-es/title/tt0120737/?ref_=chttp_t_9
10,"<selenium.webdriver.remote.webelement.WebElement (session=""db467c3ebf9bcead083959fdb0766a3d"", element=""f.D60EB50D249A8A9BEAF2B10599F5582D.d.2B78EBC1C345820865C67A22936C5BC4.e.328"")>",1966,"8,8",https://www.imdb.com/es-es/title/tt0060196/?ref_=chttp_t_10
11,"<selenium.webdriver.remote.webelement.WebElement (session=""db467c3ebf9bcead083959fdb0766a3d"", element=""f.D60EB50D249A8A9BEAF2B10599F5582D.d.2B78EBC1C345820865C67A22936C5BC4.e.332"")>",1994,"8,8",https://www.imdb.com/es-es/title/tt0109830/?ref_=chttp_t_11
12,"<selenium.webdriver.remote.webelement.WebElement (session=""db467c3ebf9bcead083959fdb0766a3d"", element=""f.D60EB50D249A8A9BEAF2B10599F5582D.d.2B78EBC1C345820865C67A22936C5BC4.e.336"")>",2002,"8,8",https://www.imdb.com/es-es/title/tt0167261/?ref_=chttp_t_12
13,"<selenium.webdriver.remote.webelement.WebElement (session=""db467c3ebf9bcead083959fdb0766a3d"", element=""f.D60EB50D249A8A9BEAF2B10599F5582D.d.2B78EBC1C345820865C67A22936C5BC4.e.340"")>",1999,"8,8",https://www.imdb.com/es-es/title/tt0137523/?ref_=chttp_t_13
14,"<selenium.webdriver.remote.webelement.WebElement (session=""db467c3ebf9bcead083959fdb0766a3d"", element=""f.D60EB50D249A8A9BEAF2B10599F5582D.d.2B78EBC1C345820865C67A22936C5BC4.e.344"")>",2010,"8,8",https://www.imdb.com/es-es/title/tt1375666/?ref_=chttp_t_14
15,"<selenium.webdriver.remote.webelement.WebElement (session=""db467c3ebf9bcead083959fdb0766a3d"", element=""f.D60EB50D249A8A9BEAF2B10599F5582D.d.2B78EBC1C345820865C67A22936C5BC4.e.348"")>",1980,"8,7",https://www.imdb.com/es-es/title/tt0080684/?ref_=chttp_t_15
16,"<selenium.webdriver.remote.webelement.WebElement (session=""db467c3ebf9bcead083959fdb0766a3d"", element=""f.D60EB50D249A8A9BEAF2B10599F5582D.d.2B78EBC1C345820865C67A22936C5BC4.e.352"")>",1999,"8,7",https://www.imdb.com/es-es/title/tt0133093/?ref_=chttp_t_16
17,"<selenium.webdriver.remote.webelement.WebElement (session=""db467c3ebf9bcead083959fdb0766a3d"", element=""f.D60EB50D249A8A9BEAF2B10599F5582D.d.2B78EBC1C345820865C67A22936C5BC4.e.356"")>",1990,"8,7",https://www.imdb.com/es-es/title/tt0099685/?ref_=chttp_t_17
18,"<selenium.webdriver.remote.webelement.WebElement (session=""db467c3ebf9bcead083959fdb0766a3d"", element=""f.D60EB50D249A8A9BEAF2B10599F5582D.d.2B78EBC1C345820865C67A22936C5BC4.e.360"")>",2014,"8,7",https://www.imdb.com/es-es/title/tt0816692/?ref_=chttp_t_18
19,"<selenium.webdriver.remote.webelement.WebElement (session=""db467c3ebf9bcead083959fdb0766a3d"", element=""f.D60EB50D249A8A9BEAF2B10599F5582D.d.2B78EBC1C345820865C67A22936C5BC4.e.364"")>",1975,"8,7",https://www.imdb.com/es-es/title/tt0073486/?ref_=chttp_t_19
20,"<selenium.webdriver.remote.webelement.WebElement (session=""db467c3ebf9bcead083959fdb0766a3d"", element=""f.D60EB50D249A8A9BEAF2B10599F5582D.d.2B78EBC1C345820865C67A22936C5BC4.e.368"")>",1995,"8,6",https://www.imdb.com/es-es/title/tt0114369/?ref_=chttp_t_20
21,"<selenium.webdriver.remote.webelement.WebElement (session=""db467c3ebf9bcead083959fdb0766a3d"", element=""f.D60EB50D249A8A9BEAF2B10599F5582D.d.2B78EBC1C345820865C67A22936C5BC4.e.372"")>",1946,"8,6",https://www.imdb.com/es-es/title/tt0038650/?ref_=chttp_t_21
22,"<selenium.webdriver.remote.webelement.WebElement (session=""db467c3ebf9bcead083959fdb0766a3d"", element=""f.D60EB50D249A8A9BEAF2B10599F5582D.d.2B78EBC1C345820865C67A22936C5BC4.e.376"")>",1991,"8,6",https://www.imdb.com/es-es/title/tt0102926/?ref_=chttp_t_22
23,"<selenium.webdriver.remote.webelement.WebElement (session=""db467c3ebf9bcead083959fdb0766a3d"", element=""f.D60EB50D249A8A9BEAF2B10599F5582D.d.2B78EBC1C345820865C67A22936C5BC4.e.380"")>",1954,"8,6",https://www.imdb.com/es-es/title/tt0047478/?ref_=chttp_t_23
24,"<selenium.webdriver.remote.webelement.WebElement (session=""db467c3ebf9bcead083959fdb0766a3d"", element=""f.D60EB50D249A8A9BEAF2B10599F5582D.d.2B78EBC1C345820865C67A22936C5BC4.e.384"")>",1998,"8,6",https://www.imdb.com/es-es/title/tt0120815/?ref_=chttp_t_24
25,"<selenium.webdriver.remote.webelement.WebElement (session=""db467c3ebf9bcead083959fdb0766a3d"", element=""f.D60EB50D249A8A9BEAF2B10599F5582D.d.2B78EBC1C345820865C67A22936C5BC4.e.388"")>",1999,"8,6",https://www.imdb.com/es-es/title/tt0120689/?ref_=chttp_t_25
26,"<selenium.webdriver.remote.webelement.WebElement (session=""db467c3ebf9bcead083959fdb0766a3d"", element=""f.D60EB50D249A8A9BEAF2B10599F5582D.d.2B78EBC1C345820865C67A22936C5BC4.e.392"")>",2002,"8,6",https://www.imdb.com/es-es/title/tt0317248/?ref_=chttp_t_26
27,"<selenium.webdriver.remote.webelement.WebElement (session=""db467c3ebf9bcead083959fdb0766a3d"", element=""f.D60EB50D249A8A9BEAF2B10599F5582D.d.2B78EBC1C345820865C67A22936C5BC4.e.396"")>",1997,"8,6",https://www.imdb.com/es-es/title/tt0118799/?ref_=chttp_t_27
28,"<selenium.webdriver.remote.webelement.WebElement (session=""db467c3ebf9bcead083959fdb0766a3d"", element=""f.D60EB50D249A8A9BEAF2B10599F5582D.d.2B78EBC1C345820865C67A22936C5BC4.e.400"")>",1991,"8,6",https://www.imdb.com/es-es/title/tt0103064/?ref_=chttp_t_28
29,"<selenium.webdriver.remote.webelement.WebElement (session=""db467c3ebf9bcead083959fdb0766a3d"", element=""f.D60EB50D249A8A9BEAF2B10599F5582D.d.2B78EBC1C345820865C67A22936C5BC4.e.404"")>",1977,"8,6",https://www.imdb.com/es-es/title/tt0076759/?ref_=chttp_t_29
30,"<selenium.webdriver.remote.webelement.WebElement (session=""db467c3ebf9bcead083959fdb0766a3d"", element=""f.D60EB50D249A8A9BEAF2B10599F5582D.d.2B78EBC1C345820865C67A22936C5BC4.e.408"")>",1985,"8,5",https://www.imdb.com/es-es/title/tt0088763/?ref_=chttp_t_30
31,"<selenium.webdriver.remote.webelement.WebElement (session=""db467c3ebf9bcead083959fdb0766a3d"", element=""f.D60EB50D249A8A9BEAF2B10599F5582D.d.2B78EBC1C345820865C67A22936C5BC4.e.412"")>",2001,"8,6",https://www.imdb.com/es-es/title/tt0245429/?ref_=chttp_t_31
32,"<selenium.webdriver.remote.webelement.WebElement (session=""db467c3ebf9bcead083959fdb0766a3d"", element=""f.D60EB50D249A8A9BEAF2B10599F5582D.d.2B78EBC1C345820865C67A22936C5BC4.e.416"")>",2002,"8,5",https://www.imdb.com/es-es/title/tt0253474/?ref_=chttp_t_32
33,"<selenium.webdriver.remote.webelement.WebElement (session=""db467c3ebf9bcead083959fdb0766a3d"", element=""f.D60EB50D249A8A9BEAF2B10599F5582D.d.2B78EBC1C345820865C67A22936C5BC4.e.420"")>",2000,"8,5",https://www.imdb.com/es-es/title/tt0172495/?ref_=chttp_t_33
34,"<selenium.webdriver.remote.webelement.WebElement (session=""db467c3ebf9bcead083959fdb0766a3d"", element=""f.D60EB50D249A8A9BEAF2B10599F5582D.d.2B78EBC1C345820865C67A22936C5BC4.e.424"")>",2019,"8,5",https://www.imdb.com/es-es/title/tt6751668/?ref_=chttp_t_34
35,"<selenium.webdriver.remote.webelement.WebElement (session=""db467c3ebf9bcead083959fdb0766a3d"", element=""f.D60EB50D249A8A9BEAF2B10599F5582D.d.2B78EBC1C345820865C67A22936C5BC4.e.428"")>",1960,"8,5",https://www.imdb.com/es-es/title/tt0054215/?ref_=chttp_t_35
36,"<selenium.webdriver.remote.webelement.WebElement (session=""db467c3ebf9bcead083959fdb0766a3d"", element=""f.D60EB50D249A8A9BEAF2B10599F5582D.d.2B78EBC1C345820865C67A22936C5BC4.e.432"")>",1994,"8,5",https://www.imdb.com/es-es/title/tt0110357/?ref_=chttp_t_36
37,"<selenium.webdriver.remote.webelement.WebElement (session=""db467c3ebf9bcead083959fdb0766a3d"", element=""f.D60EB50D249A8A9BEAF2B10599F5582D.d.2B78EBC1C345820865C67A22936C5BC4.e.436"")>",1988,"8,5",https://www.imdb.com/es-es/title/tt0095327/?ref_=chttp_t_37
38,"<selenium.webdriver.remote.webelement.WebElement (session=""db467c3ebf9bcead083959fdb0766a3d"", element=""f.D60EB50D249A8A9BEAF2B10599F5582D.d.2B78EBC1C345820865C67A22936C5BC4.e.440"")>",2006,"8,5",https://www.imdb.com/es-es/title/tt0407887/?ref_=chttp_t_38
39,"<selenium.webdriver.remote.webelement.WebElement (session=""db467c3ebf9bcead083959fdb0766a3d"", element=""f.D60EB50D249A8A9BEAF2B10599F5582D.d.2B78EBC1C345820865C67A22936C5BC4.e.444"")>",2014,"8,5",https://www.imdb.com/es-es/title/tt2582802/?ref_=chttp_t_39
40,"<selenium.webdriver.remote.webelement.WebElement (session=""db467c3ebf9bcead083959fdb0766a3d"", element=""f.D60EB50D249A8A9BEAF2B10599F5582D.d.2B78EBC1C345820865C67A22936C5BC4.e.448"")>",1962,"8,6",https://www.imdb.com/es-es/title/tt0056058/?ref_=chttp_t_40
41,"<selenium.webdriver.remote.webelement.WebElement (session=""db467c3ebf9bcead083959fdb0766a3d"", element=""f.D60EB50D249A8A9BEAF2B10599F5582D.d.2B78EBC1C345820865C67A22936C5BC4.e.452"")>",2006,"8,5",https://www.imdb.com/es-es/title/tt0482571/?ref_=chttp_t_41
42,"<selenium.webdriver.remote.webelement.WebElement (session=""db467c3ebf9bcead083959fdb0766a3d"", element=""f.D60EB50D249A8A9BEAF2B10599F5582D.d.2B78EBC1C345820865C67A22936C5BC4.e.456"")>",1998,"8,5",https://www.imdb.com/es-es/title/tt0120586/?ref_=chttp_t_42
43,"<selenium.webdriver.remote.webelement.WebElement (session=""db467c3ebf9bcead083959fdb0766a3d"", element=""f.D60EB50D249A8A9BEAF2B10599F5582D.d.2B78EBC1C345820865C67A22936C5BC4.e.460"")>",1994,"8,5",https://www.imdb.com/es-es/title/tt0110413/?ref_=chttp_t_43
44,"<selenium.webdriver.remote.webelement.WebElement (session=""db467c3ebf9bcead083959fdb0766a3d"", element=""f.D60EB50D249A8A9BEAF2B10599F5582D.d.2B78EBC1C345820865C67A22936C5BC4.e.464"")>",2023,"8,5",https://www.imdb.com/es-es/title/tt9362722/?ref_=chttp_t_44
45,"<selenium.webdriver.remote.webelement.WebElement (session=""db467c3ebf9bcead083959fdb0766a3d"", element=""f.D60EB50D249A8A9BEAF2B10599F5582D.d.2B78EBC1C345820865C67A22936C5BC4.e.468"")>",1942,"8,5",https://www.imdb.com/es-es/title/tt0034583/?ref_=chttp_t_45
46,"<selenium.webdriver.remote.webelement.WebElement (session=""db467c3ebf9bcead083959fdb0766a3d"", element=""f.D60EB50D249A8A9BEAF2B10599F5582D.d.2B78EBC1C345820865C67A22936C5BC4.e.472"")>",1988,"8,5",https://www.imdb.com/es-es/title/tt0095765/?ref_=chttp_t_46
47,"<selenium.webdriver.remote.webelement.WebElement (session=""db467c3ebf9bcead083959fdb0766a3d"", element=""f.D60EB50D249A8A9BEAF2B10599F5582D.d.2B78EBC1C345820865C67A22936C5BC4.e.476"")>",2011,"8,5",https://www.imdb.com/es-es/title/tt1675434/?ref_=chttp_t_47
48,"<selenium.webdriver.remote.webelement.WebElement (session=""db467c3ebf9bcead083959fdb0766a3d"", element=""f.D60EB50D249A8A9BEAF2B10599F5582D.d.2B78EBC1C345820865C67A22936C5BC4.e.480"")>",1995,"8,5",https://www.imdb.com/es-es/title/tt0114814/?ref_=chttp_t_48
49,"<selenium.webdriver.remote.webelement.WebElement (session=""db467c3ebf9bcead083959fdb0766a3d"", element=""f.D60EB50D249A8A9BEAF2B10599F5582D.d.2B78EBC1C345820865C67A22936C5BC4.e.484"")>",1979,"8,5",https://www.imdb.com/es-es/title/tt0078748/?ref_=chttp_t_49
50,"<selenium.webdriver.remote.webelement.WebElement (session=""db467c3ebf9bcead083959fdb0766a3d"", element=""f.D60EB50D249A8A9BEAF2B10599F5582D.d.2B78EBC1C345820865C67A22936C5BC4.e.488"")>",1936,"8,5",https://www.imdb.com/es-es/title/tt0027977/?ref_=chttp_t_50
