Título|Descripción|Distrito|Modalidad|Enlace
Desarrollador Senior Java|"Publicado ayer
Lima, Lima, Peru
Descripción del puesto
En NTT DATA estamos buscando profesionales con experiencia como BACKEND JAVA - MICROSERVICIOS, apasionados por las tecnologías para formar parte de nuestro staff, participar en proyectos grandes y asumir nuevos retos.
Nuestro talento nos ha hecho poder decir con orgullo que somos una de las 6 empresas TOP de tecnologías del mundo.
Para incorporarte a nuestro equipo tendrás que contar con los siguientes requisitos:
Egresado, Bachiller o Titulado en Ingeniería de Sistemas, Software, Computación, Informática o afines.
Experiencia de 05 años a más trabajando con Java.
Experiencia en creación de Microservicios
Experiencia o Conocimientos en Programación Reactiva.
Experiencia en desarrollo cloud con Azure
Disponibilidad para trabajar de manera híbrida (2 veces por semana)
Si te encuentras interesado y cumples con los requisitos, hazme llegar tu CV Actualizado, Disponibilidad y Pretensiones a: mguardia(arroba)emeal.nttdata.com
“NTTDATA mantiene una política de contratación inclusiva, por lo que invita a cualquier persona a participar en el proceso de selección de la referencia"|Distrito no encontrado|No especificado|https://www.bumeran.com.pe/empleos/desarrollador-senior-java-ntt-data-1116752169.html
Software Architect|"Actualizado ayer
San Isidro, Lima, Peru
Descripción del puesto
Por encargo de nuestro cliente INTERSEGURO, empresa certificada como Great Place to Work y parte del Grupo INTERCORP, nos encontramos en la búsqueda de un(a) Software Architect.
🚀Lo que buscamos:
Node.js (2-3 años de experiencia): Habilidades sólidas en desarrollo backend.
Cloud (GCP, AWS o Azure) (1 año): Tu experiencia en la nube puede marcar la diferencia.
Contenedores (Docker) (1 año): Habilidades esenciales para la infraestructura moderna.
Bases de Datos SQL/MongoDB (3 años): Expertise en bases de datos relacionales y no relacionales.
Principios SOLID / Clean Code (1 año): Si sigues buenas prácticas y te apasiona escribir código limpio, te queremos en el equipo.
Microservicios - Event Driven (Deseable): Si tienes experiencia con arquitecturas de microservicios, ¡será un plus!
Frontend React (Deseable): Si sabes algo de React, ¡mejor aún!
💻 Lo que harás:
Desarrollarás soluciones innovadoras de backend usando Node.js.
Trabajarás con las últimas tecnologías en cloud computing y contenedores.
Colaborarás en un entorno ágil y dinámico, donde tu experiencia será clave para el crecimiento de la infraestructura y arquitectura.
🧑‍💻 Lo que ofrecemos:
Planilla directa del cliente.(Contrato Indeterminado).
EPS cubierto al 100%
Modalidad Híbrida.
Oportunidad de trabajar en proyectos desafiantes y de alto impacto.
Un entorno colaborativo donde tu voz será escuchada.
¡Posibilidad de crecer con nosotros mientras seguimos innovando!
Híbrido
Programación
Full-time, Indeterminado
Senior
1 vacante disponible
Conocimientos y habilidades valorados
Node.js - Avanzado
React - Avanzado"|Distrito no encontrado|No especificado|https://www.bumeran.com.pe/empleos/software-architect-talent-house-peru-s.a.c.-1116750633.html
Analista Programador Power Builder Junior|"Múltiples vacantes
Actualizado ayer
Lima, Lima, Peru
Descripción del puesto
Importante empresa del sector, se encuentra en la búsqueda de un Analista Junior, Programador Power Builder que cumple con el siguiente perfil:
Requisitos:
Egresado técnico o Universitartio de Ing. Sistemas.
Contar con 1 año de exp. minima en el cargo.
Experiencia con Microsoft Visual SourceSafe Explorer.
Manejo de herramientas como Oracle , base de datos, elaborar scripts y procedimientos.
Experiencia en Programación PowerBuilder 1 1, 1 2, o posterior.
Experiencia con Html, asp, javascript, jquery Java (Deseable).
Funciones:
Analizar, diseñar, desarrollar e implementar nuevas soluciones o proyectos informáticos mediante el uso de las tecnologías de información, dar mantenimiento y soporte a los sistemas del cliente servidor.
Mantener la disponibilidad de los sistemas educativos y administrativos de la organización de manera proactiva.
Administrar el óptimo funcionamiento de los sistemas y encontrar oportunidades de mejora."|Distrito no encontrado|No especificado|https://www.bumeran.com.pe/empleos/analista-programador-power-builder-junior-1116745817.html
DESARROLLADOR FRONT IOS|"Múltiples vacantes
Actualizado ayer
Comas, Lima, Peru
Descripción del puesto
Summit Consulting es una empresa líder en soluciones tecnológicas, comprometida con el desarrollo de proyectos innovadores y la mejora constante de nuestros servicios. Actualmente, estamos en búsqueda de un Desarrollador Front-end Android altamente motivado y con experiencia para unirse a nuestro equipo dinámico.
Requisitos:
Mínimo 3 años desarrollando aplicaciones nativas para iOS preferiblemente para el sector financiero.
Experiencia en desarrollo de interfaces (UI/UX) optimizadas, intuitivas y accesibles.
Conocimiento comprobado y sólido en frameworks para iOS y Android, manejo de APIs RESTful.
Experiencia trabajando bajo metodologías ágiles (Scrum) y cascada.
Familiarizado con herramientas de integración continua (CI/CD).
Conocimientos comprobados en SWIFT
Formación Académica:
Técnico en las Carreras: Ingeniería de Sistemas, Ingeniería Informática, Ingeniería de Software o afines.
Bachiller y afines
Titulación y afines Especialización:
Desarrollar Nativo ¡OS - Avanzado
Diseño y Experiencia de Usuario (UI/UX) - Intermedio
Metodologías Ágiles / Cascada - Intermedia
Otros conocimientos:
Ofimática (Word, Excel, PowerPoint) – Intermedio
Ingles a nivel intermedio (deseable) – Intermedio
Manejo de Jira – Intermedio Competencias
Pensamiento Crítico
Resolución de Problemas
Comunicación Asertiva
Trabajo en equipo
Flexibilidad al cambio
Empatía
Negociación
Toma de Decisiones
Liderazgo
Orientación a Resultados
Objetivo del Puesto:
Desarrollar interfaces atractivas, seguras y altamente funcionales en aplicaciones nativas para iOS, asegurando experiencias óptimas para el usuario y alineadas a los objetivos bajo metodologías ágiles y/o cascada.
Funciones del Puesto:
Disponibilidad para laborar de lunes a viernes de 8:00 am - 6:45 pm
Desarrollar aplicaciones móviles nativas para iOS utilizando frameworks actuales.
Implementar interfaces de usuario optimizadas basadas en diseños y principios UI/UX, asegurando accesibilidad y rendimiento.
Integrar servicios y APIs RESTful, manejando respuestas JSON y consumo eficiente de recursos.
Aplicar y promover buenas prácticas técnicas: Clean Architecture, patrones de diseño, modularización y Testing Automatizado (unitario y UI).
Participar activamente en revisiones de código, manteniendo estándares de calidad y seguridad.
Coordinar estrechamente con los equipos de diseño UX/UI, backend y QA para asegurar una integración efectiva.
Documentar adecuadamente código y arquitectura técnica.
Proponer mejoras técnicas y funcionales que impulsen la innovación continua y la calidad del producto.
Si cuentas con las habilidades y experiencia necesarias para esta posición, no dudes en postular. Estamos ansiosos por recibir tu aplicación y conocer más acerca de ti. 🔔 ¡Únete a nuestro equipo y sé parte del éxito de Summit SAC!
(NOTA: Solo se va considerar los postulantes que cumplan específicamente con el perfil)"|Distrito no encontrado|No especificado|https://www.bumeran.com.pe/empleos/desarrollador-front-ios-summit-s.a.c-1116742593.html
Analista Programador de Tecnologías de la información|"Actualizado hace 2 días
El Agustino, Lima, Peru
IQFARMA, Laboratorio farmacéutico nacional con más de 61 años al servicio de la salud, dedicado a la fabricación y comercialización de productos de marca de diferentes especialidades farmacéuticas y genéricos de calidad que se distribuyen con gran éxito en el mercado privado e institucional. Actualmente nos encontramos en la búsqueda de: Analista de Tecnologías de la información.
Descripción del puesto
Requisitos:
Profesionales en Ingenieria de Sistemas o carreras a fines
Manejo de Office a nivel avanzado
3 años de experiencia laboral como mínimo en el desarrollo de aplicaciones Web sobre Plataforma en .Net y base de datos.- Experiencia en Desarrollo e implementación sistemas.
Experiencia en desarrollo de proyectos particulares

Habilidades duras:
*SQL server experto
*JavaScript (Jquery y Json) experto
*Aplicaciones web responsive experto
*Visual sstudio 2019 C# experto
*Visual studio 2010 C# intermedio
*Python intermedio (u otras herramientas de IA)
*Team Foundation
*Azure Devops
Habilidades blandas:
*Capacidad de análisis
*Lógica
*Comunicación
*Proactividad
Funciones:
Desarrollo de softwares según la necesidad de la empresa.
Documentar todos los softwares desarrollados.
Impulsar y promover el uso de herramientas de inteligencia artificial en los proyectos.
Detección de oportunidades y proponer mejoras según análisis
Optimizar constantemente todas las capas del software desde la base de datos hasta el front - end.
Cumplir y hacer cumplir los procedimientos de la empresa.
Participar en reuniones con los diversos equipos involucrados para definir la solución de las iniciativas.
Cumplir con los tiempos asignados en los desarrollos de requerimientos de usuario y reportar avances de las actividades realizadas.
Velar por el correcto funcionamiento de los softwares desarrollados permanentemente.."|Distrito no encontrado|No especificado|https://www.bumeran.com.pe/empleos/analista-programador-de-tecnologias-de-la-informacion-instituto-quimioterapico-s.a.-iqfarma-1116740821.html
Frontend Developer React|"Múltiples vacantes
Actualizado hace 2 días
Pueblo Libre, Lima, Peru
Descripción del puesto
ZUTUN. es una empresa de software boutique con amplia experiencia en banca, seguros, fintech y retail. Nuestro colectivo funciona como un verdadero equipo, valorando la colaboración, la sinergia y el apoyo mutuo entre nuestros miembros, reconociendo que el talento es el núcleo y el equipo es quien juega el partido.
Te invitamos a participar de proceso FRONTEND DEVELOPER REACT y ser parte de esta experiencia:
REQUISITOS:
Experiencia mínima de 2 años con React JS en aplicaciones SSG (Static Site Generation).
Experiencia mínima de 2 años de experiencia Typescript.
Experiencia de 1 año con aplicaciones web SSR (Server Side Rendering) o híbridas desarrolladas con Node.
CSS avanzado: Animaciones, variables, preprocesadores (SASS/SCSS).
Frameworks de CSS: Tailwind CSS, Materialize.
Conocimiento de patrones de diseño aplicado al frontend.
Manejo de Git (GitHub o GitLab)
Pruebas unitarias.
Aplicación de semanticismo y accesibilidad en la web.
Ideal conocimiento de: Core Web Vitals, SEO, Analítica digital (Ej. Google Analytics), AWS, IaC,
Plataformas, ARC XP (CMS) y/o PIANO.
¿QUE OFRECEMOS?
Oportunidades de aprendizaje, donde tú eres responsable de tu desarrollo.
Trabajo en base al sentido común, metas, flexibilidad de horarios y de manera hibrida.
Una organización totalmente horizontal, donde se escuchan tus ideas y opiniones, sin jerarquías ni egos, basado en nuestra cultura C+
Consideraciones: Recibo por honorarios, tiempo de contratación: 3 meses renovables.
Híbrido
Programación
Full-time, Temporal
Semi Sr
2 vacantes disponibles
Conocimientos y habilidades valorados
React - Intermedio"|Distrito no encontrado|No especificado|https://www.bumeran.com.pe/empleos/frontend-developer-react-maseka-consulting-s.a.c.-1116739942.html
Analista Programador de Sistemas - Híbrido|"Actualizado hace 3 días
Santa Anita, Lima, Peru
Descripción del puesto
Tecsup, instituto líder en educación tecnológica con 40 años en el mercado formando profesionales innovadores y éticos. Reconocido como una de las mejores instituciones educativas para trabajar. ¡Postula y únete a nuestra COMUNIDAD DE INNOVADORES!
En esta oportunidad se busca un Analista Programador de Sistemas con las siguientes características:
Perfil Profesional:
Profesional de la carrera de Desarrollo de Software o similares.
Experiencia mínima de 5 años como programador de sistemas, Desarrollador Full Stack de sistemas o similares.
Conocimiento en Lenguaje de Programación JAVA, JavaScript, JSON, Angular.
Conocimiento de estandares de diseño web.
Conocimiento de PL/SQL.
Conocimiento en metodologías ágiles.
Funciones:
Atender los requerimientos de los usuarios para mejora o nuevas funcionalidades de los sistemas de información.
Analizar los requerimientos del usuario, con la finalidad de entender las necesidades correspondientes.
Plantear mejoras a las aplicaciones existentes con la finalidad de agilizar el trabajo del usuarioRealizar el control de calidad de las aplicaciones para un correcto funcionamiento del mismo.
Realizar el mantenimiento de aplicaciones por nuevas funcionalidades solicitadas por el usuario.
Investigar y proponer nuevas herramientas de TI en el mercado en lugar de desarrollarlas.
Asesorar a otras áreas en los proyectos relacionados a TI.
Capacitar al usuario en el uso de la aplicación a fin de mantener permanentemente actualizado frente a los cambios tecnológicos.
Elaborar y actualizar los manuales de usuario para el uso de los colaboradoresMonitorear el avance de las actividades asignadas a los programadores web.
Elaborar y actualizar la documentación de los sistemas informaticos existentes.
Desarrollar nuevas aplicaciones para atender las necesidades de los usuarios.
Importante considerar:
Modalidad de trabajo: Hibrido
Horario de trabajo: Lunes a Viernes de 8:00 am a 6:00pm
Lugar de Trabajo: Santa Anita
""En Tecsup nos comprometemos con la igualdad de oportunidades. Todas las personas serán consideradas en el proceso de postulación""."|Distrito no encontrado|No especificado|https://www.bumeran.com.pe/empleos/analista-programador-de-sistemas-hibrido-tecsup-1116737470.html
"Data Scientist Associate | Desarrollo de Modelos Riesgos"|"Publicado ayer
San Isidro, Lima, Peru
Descripción del puesto
¿Qué perfil buscamos?
Profesional de las carreras de Ing. Estadística, Ing. de Sistemas, Ing. de Software, o afines.
2 años de experiencia en puestos similares.
Conocimiento avanzado en programación con Python, SQL y PySpark.
Experiencia en desarrollo e implementación de modelos estadísticos y técnicas de machine learning.
Habilidades analíticas sólidas, capacidad para traducir datos complejos en hallazgos accionables para el negocio.
¿Qué retos te esperan?
Colaborar en la planificación de sprints, daily meetings, demos y realiza las retrospectivas correspondientes.
Adoptar herramientas de desarrollo WOW (engines estandar y modelos), con el objetivo de ser el frente de consultoria transversal al área de GRM.
Adoptar y difundir el uso de librerias analiticas (procesamiento , análisis, modelamiento, reportería y calibración), con el objetivo de capacitar a los equipos de la COE y se aplique en el E2E de modelos estadísticos.
Estandarizar aplicando lineamientos en el desarrollo de proyectos que aporten valor al proceso y a la vez que reduzcan el tiempo de entrega.
Difundir el uso de las herramientas de innovación (IG, Gen IA) y data, siendo responsable de las POCs y demos en el area de GRM.
Gestionar la plataforma Datio/ADA en temas de depuración de espacio, migración de componentes assets/notebooks, compactación de bases, adopción de lineamientos y administración de usuarios/tallas/kernel.
Híbrido
Programación
Full-time, Indeterminado
Senior
1 vacante disponible
Conocimientos y habilidades valorados
Python - Avanzado
SQL - Avanzado"|Distrito no encontrado|No especificado|https://www.bumeran.com.pe/empleos/data-scientist-associate-%7C-desarrollo-de-modelos-riesgos-bbva-1116752543.html
Frontend Developer React|"Publicado ayer
La Victoria, Lima, Peru
Descripción del puesto
En Experis Perú buscamos al mejor talento para sumarse a los desafíos de la era digital y llevar su carrera a un siguiente nivel. Por ello, te invitamos a que formes parte del reto como BACKEND DEVELOPER en el rubro de medios de la comunicación:
BACKEND DEVELOPER
Requisitos para postular al cargo:
Profesional de las carreras de Ingeniería de sistemas, industrial, administración o afines.
Experiencia mayor a 3 años en React y REST Api's
Experiencia y manejo avanzado de Typescript
Uso intermedio de Tailwind CSS - Indispensable
Experiencia en manejo de pruebas unitarias y uso de Git
Funciones principales del puesto:
Diseñar y crear funciones interactivas
Construir componentes reutilizables
Escribir código para aplicaciones
Optimizar el rendimiento
Resolver errores
Analizar requisitos de aplicaciones
Documentar cambios en aplicaciones
La empresa ofrece al candidato seleccionado
Únete a una empresa líder a nivel global
Planilla Completa"|Distrito no encontrado|No especificado|https://www.bumeran.com.pe/empleos/frontend-developer-react-manpowergroup-peru-1116752520.html
Backend Developer NodeJs|"Publicado ayer
La Victoria, Lima, Peru
Descripción del puesto
En Experis Perú buscamos al mejor talento para sumarse a los desafíos de la era digital y llevar su carrera a un siguiente nivel. Por ello, te invitamos a que formes parte del reto como BACKEND DEVELOPER en el rubro de medios de la comunicación:
BACKEND DEVELOPER
Requisitos para postular al cargo:
Profesional de las carreras de Ingeniería de sistemas, industrial, administración o afines.
Experiencia mayor a 3 años en NodeJs y REST Api's
Experiencia y manejo avanzado de Typescript
Experiencia mayor a 3 años con bases de datos.
Experiencia en manejo de pruebas unitarias y uso de Git
Funciones principales del puesto:
Desarrollar y mantener aplicaciones
Escribir la lógica de la aplicación web
Gestionar el intercambio de datos entre el servidor y los usuarios
Optimizar el rendimiento de la aplicación
Participar en todo el ciclo de vida del desarrollo de software
La empresa ofrece al candidato seleccionado
Únete a una empresa líder a nivel global
Planilla Completa"|Distrito no encontrado|No especificado|https://www.bumeran.com.pe/empleos/backend-developer-nodejs-manpowergroup-peru-1116752515.html
ANALISTA PROGRAMADOR DE SISTEMAS|"Publicado ayer
San Juan de Miraflores, Lima, Peru
Descripción del puesto
Nuestra empresa líder en servicios eléctricos de alta ingeniería, esta en busca de un profesional para cubrir la posición de Analista programador de sistemas.
Mision del puesto: Diseñar, desarrollar y mantener aplicaciones informaticas de la organización en función a la demanda de requerimientos, mediante la automatización de procesos, implementación de mejoras ,ejecución de correctivos de las aplicaciones existentes con la finalidad de garantizar la continuidad de las aplicaciones.
Perfil:
Titulado en Ingeniería Infórmatica, Ingeniería de Sistemas, Ciencias de la Computación o carreras afines.
Dominio en: NET 4.5 (C# y VB), SQL Server y/o MySQL (Indispensble), Jquery, Javascript, Angular, BootStrap y HTML.
Conocimiento en herramientas para pruebas Unitarias: Postman o Swagger (deseable) y herramienta.Low code: Power Apps (deseable).
03 años de experiencia en levantamiento y análisis de requerimientos, desarrollo e integración de aplicaciones y/o productos digitales. Experiencia en el desarrollo e implementación de proyectos de tecnología
Disponibilidad para laborar presencialmente en San Juan de Miraflores, lunes a viernes.
¿Que funciones desempeñaras?
Participar en la captura de requerimientos y gestionar su atención mediante prácticas ágiles.
Analizar, diseñar aplicaciones y/o productos digitales mediante el uso de prácticas ""User Interface"".
Desarrollar, mantener y brindar soporte a las aplicaciones de la organización.
Realizar pruebas unitarias y asegurar la calidad del código generado usando herramientas de validación.
Colaborar con el equipo de desarrollo en la definición y diseño de arquitecturas de servicios.
Asistir y capacitar a los usuarios finales de los programas y sistemas de información de la organización.
Otras funciones designadas por su Jefe inmediato.
¿Que te ofrecemos?
Ingreso a planilla.
Capacitaciones.
Remuneración de acorde al mercado.
Subvención de alimentos al 50%.
Presencial
Programación
Full-time, Indeterminado
Semi Sr
1 vacante disponible"|Distrito no encontrado|No especificado|https://www.bumeran.com.pe/empleos/analista-programador-de-sistemas-tecsur.s.a-1116752494.html
Jefe de sistemas (TI)|"Publicado ayer
Miraflores, Lima, Peru
Descripción del puesto
En Experis Perú buscamos al mejor talento para sumarse a los desafíos de la era digital y llevar su carrera a un siguiente nivel. Por ello, te invitamos a que formes parte del reto como Jefe de TI (Desarrollo) para la ciudad de Lima.
Funciones:
Supervisar el desarrollo e implementación de los sistemas de generación y validación de valores de seguridad, así como los de cifrado/descifrado de información de intercambio.
Supervisar el desarrollo del sistema prepago del Switch.
Supervisar el desarrollo y soporte de los sistemas de interconexión e integración de entidades y nuevos servicios.
Realizar seguimiento y mantener actualizada la documentación de los cambios que se efectúen en el software de los aplicativos a su cargo.
Revisar periódicamente los informes del Centro de Cómputo respecto a los procesos en línea con el fin de optimizarlos
Requisitos para el puesto:
Profesional titulado o bachiller en Ingeniería de Sistemas, Ingeniería de Software, o afines.
Mínimo 5 a 7 años de experiencia en cargos similares, preferiblemente en el sector financiero o afines.
Conocimiento avanzado en lenguajes de programación (C, C++, Java, Python, .NET), bases de datos, microservicios y normas de seguridad (PCI DSS, ISO 27001).
Experiencia en gestión de equipos y proyectos ágiles (Scrum, Kanban).
Inglés avanzado y habilidades de comunicación efectiva.
Te ofrecemos:
Modalidad de trabajo híbrida.
Oportunidades de crecimiento y desarrollo profesional.
Planilla directa con el cliente con todos los beneficios de ley.
En Experis Perú, promovemos la inclusión e inserción laboral sin distinción por razón de discapacidad, género, orientación, identidad y expresión de género, lugar de origen o generación. Por ello ¡Todos los talentos son bienvenidos!
Híbrido
Programación
Full-time, Indeterminado
Jefe / Supervisor / Responsable
1 vacante disponible"|Distrito no encontrado|No especificado|https://www.bumeran.com.pe/empleos/jefe-de-sistemas-ti-experis-peru-1116752439.html
Programador Frontend Junior / Presencial|"Publicado ayer
La Victoria, Lima, Peru
Descripción del puesto
En Experis Perú buscamos al mejor talento para sumarse a los desafíos de la era digital y llevar su carrera a un siguiente nivel. Por ello, te invitamos a que formes parte del reto como Programador Frontend Junior para el sector tecnología:
Requisitos:
2 años de experiencia trabajando con React JS en aplicaciones SSG (Static Site Generation)
1 año de Experiencia con aplicaciones web SSR (Server Side Rendering) o híbridas desarrolladas con Node.
2 años de experiencia trabajando con Typescript.
Manejo avanzado de CSS: Animaciones, variables, preprocesadores (SASS/SCSS).
Uso de frameworks de CSS: Tailwind CSS, Materialize.
Conocimiento de patrones de diseño aplicado en el frontend.
Manejo de control de versiones con Git en GitHub o GitLab.
Pruebas unitarias.
Funciones:
Desarrollo frontend: Implementación de interfaces, optimización de rendimiento, integración de APIs
Testing y documentación
Colaboración y reuniones técnicas"|Distrito no encontrado|No especificado|https://www.bumeran.com.pe/empleos/programador-frontend-junior-presencial-manpowergroup-peru-1116752262.html
Analista Programador|"Múltiples vacantes
Publicado ayer
San Isidro, Lima, Peru
Descripción del puesto
More digital. More human. More Minsait. Somos una empresa líder global en tecnología y consultoría digital que conecta personas, tecnología y negocios para generar crecimiento, transformación e impacto positivo y sostenible.
¿A quién buscamos?
Buscamos Analista Programador con experiencia en el rubro y ganas de sumarse a nuestros equipos multidisciplinarios para desarrollar soluciones innovadoras.
Requisitos:
Egresados o bachiller de ingeniería de software o carreras afines.
2 a 3 años de experiencia en desarrollo e integración de sistemas.
Diseño y desarrollo de soluciones con Apache NiFi.
Desarrollo en Groovy para manipulación de datos.
Implementación de componentes en SQL.
Experiencia con bases de datos SQL y NoSQL.
Desarrollo de integraciones de sistemas y procesos ETL (Extract, Transform, Load).
Diagnóstico y solución de errores en los programas.
Implementación de medidas de seguridad en las soluciones desarrolladas.
Colaboración con equipos de desarrollo y operaciones para la implementación y mantenimiento de aplicaciones.
Comunicación efectiva con los stakeholders sobre avances del proyecto.
Conocimientos valorados (Deseables):
Creación y optimización de flujos de datos en Apache NiFi.
Scripting con Groovy.
Protocolos de comunicación: REST, MQTT, Kafka, JMS.
Monitoreo y logging para seguimiento de procesos.
Condiciones de trabajo:
Modalidad Híbrida (2 veces por semana en oficinas) en el distrito de San Isidro.
Horario de trabajo de Lunes a Viernes de 9:00am a 6:30pm."|Distrito no encontrado|No especificado|https://www.bumeran.com.pe/empleos/analista-programador-indra-peru-1116752132.html
FullStack Developer - Por proyecto|"Múltiples vacantes
Publicado ayer
Cercado De Lima, Lima, Peru
Descripción del puesto
Funciones:
Diseñar, desarrollar e implementar aplicaciones web y móviles con buenas prácticas de desarrollo.
Implementar y consumir APIs REST para la integración eficiente entre sistemas.
Gestionar repositorios y entornos de desarrollo con Git, GitHub o Bitbucket.
Configurar y administrar contenedores con Docker y Kubernetes para optimizar despliegues.
Trabajar junto al Product Owner para refinar historias de usuario y asegurar una correcta interpretación de los requerimientos.
Requisitos:
Profesional egresado o bachiller en Ingeniería de Sistemas, Informática o carreras afines.
Capacidad de supervisión sin ejercer un rol de liderazgo técnico formal.
Conocimientos y experiencia:
Experiencia en desarrollo Full Stack.
Manejo de tecnologías de frontend (Angular,JavaScript,Bootstrap) y backend (Python y PHP)
Conocimientos en bases de datos SQL y/o NoSQL.
Ofrecemos:
Proyecto de 3 meses (renovable)
Presencial 100% ( a partir del 4to mes hibrido)
Sede en la victoria (st catalina)
Lunes a viernes de 9:00 a. m. a 6:00 p. m.
RXH
Equipos
Presencial
Programación
Full-time, Indeterminado
Semi Sr
2 vacantes disponibles"|Distrito no encontrado|No especificado|https://www.bumeran.com.pe/empleos/fullstack-developer-por-proyecto-protiviti-peru-1116752046.html
Desarrollador Java/Oracle weblogic|"Múltiples vacantes
Publicado ayer
San Isidro, Lima, Peru
Descripción del puesto
🌟 ¡ÚNETE A INDRA Y CREA EL FUTURO DE LA TECNOLOGÍA! 🚀
En Indra seguimos creciendo y buscamos a un Desarrollador Java/Oracle WebLogic para formar parte de nuestro equipo. Si eres un apasionado de la tecnología, tienes experiencia en plataformas de datos y quieres formar parte de una empresa global en constante innovación, ¡este es tu lugar!
Requisitos:
Egresados o bachiller de ingeniería de software o carreras afines.
Experiencia en Desarrollo Java, Framework: Hibernate, Spring boot , servicio y microservicios | IDE: Eclipse.
Experiencia en tecnologías basadas en Javascript (Sencha| Ext.js) – Indispensable.
Experiencia en Administración y despliegue en servidores Oracle, WebLogic, WAS y JBoss.
Experiencia en Oracle Cloud Infrastructure (OCI).
Experiencia en Oracle Integration Cloud (OIC)
Experiencia en Oracle REST
Experiencia en Exadata Database
Experiencia en Data Service (ORDS)."|Distrito no encontrado|No especificado|https://www.bumeran.com.pe/empleos/desarrollador-java-oracle-weblogic-indra-peru-1116751791.html
Analista Programador en Odoo (Python)|"Múltiples vacantes
Publicado ayer
Lima, Lima, Peru
Descripción del puesto
¡Buscamos un Desarrollador con experiencia en Odoo y Python!
Si tienes experiencia en desarrollo con Odoo y Python y buscas un nuevo desafío, ¡esta oportunidad es para ti! 💻📊 Buscamos un Desarrollador que participe en el diseño, desarrollo e implementación de soluciones tecnológicas personalizadas en Odoo y otros sistemas.
El candidato ideal debe tener sólidos conocimientos en desarrollo backend, tecnologías web y bases de datos, con interés en aprender y aplicar herramientas DevOps y trabajar con infraestructura en la nube.
📌 Requisitos
🎓 Formación Académica:
✅ Titulado, Bachiller o Técnico en Ingeniería de Sistemas, Computación, Software o carreras afines.
🛠️ Conocimientos Técnicos:
🔹 Experiencia en ERP Odoo: Desarrollo y personalización de módulos.
🔹 Dominio de Python para desarrollo backend.
🔹 Conocimiento en tecnologías web: HTML, CSS, JavaScript.
🔹 Manejo de bases de datos: PostgreSQL, SQL Server.
🔹 Experiencia con Git y control de versiones.
🔹 Deseable experiencia en herramientas DevOps (Docker, CI/CD) y Cloud (AWS, Google Cloud, Azure).
📌 Responsabilidades
✔ Desarrollar y personalizar módulos en Odoo según los requerimientos del negocio.
✔ Implementar soluciones backend y frontend con tecnologías modernas.
✔ Participar en la integración de sistemas y asegurar su correcto funcionamiento.
✔ Aplicar buenas prácticas de desarrollo para garantizar calidad y escalabilidad.
✔ Colaborar con el equipo técnico en la optimización del rendimiento del software.
✔ Documentar los desarrollos y brindar soporte técnico cuando sea necesario.
📌 Lo que ofrecemos
✨ Oportunidad de crecimiento y aprendizaje continuo. ✨ Participación en proyectos desafiantes y tecnologías innovadoras. ✨ Modalidad de trabajo flexible (según política de la empresa). ✨ Excelente ambiente de trabajo en equipo.
Presencial
Programación
Full-time, Indeterminado
Semi Sr
5 vacantes disponibles"|Distrito no encontrado|No especificado|https://www.bumeran.com.pe/empleos/analista-programador-en-odoo-python-ibr-peru-s.a.-1116751782.html
Analista Programador - NodeJs/Web HTML|"Publicado ayer
Lima, Lima, Peru
Descripción del puesto
Estamos en búsqueda de un profesional para cubrir la posición de:
Analista Programador
Misión: Ejecutar las actividades de análisis, diseño, programación y desarrollo de sistemas en concordancia con las necesidades requeridas por las áreas
Requisitos:
Profesionales de las carreras de computación e informática, ing de sistemas, afines.
Experiencia de 2 años en programación.
Sólidos conocimientos de NodeJS HTML + CSS Postgresql SQL Server
Otros conocimiento: Desarrollo mobile, a Nivel Básico. Ciclo de vida de desarrollo, OWASP, Desarrollo Seguro (deseable).
Funciones:
Desarrollar soluciones de software según lo solicitado por el cliente interno.
Diseñar la arquitectura y la estructura del sistema de software, incluyendo la creación de diagramas de flujo, modelos de datos y especificaciones técnicas.
Escribir código limpio y eficiente utilizando diferentes lenguajes de programación y tecnologías según las necesidades del proyecto.
Realizar pruebas de integración.
Ofrecemos:
Trabajo híbrido 2 veces por semana
Lunes a viernes de 9am a 6pm
EPS 100%
Capacitación constante en nuevas técnologías
Oportunidad de crecimiento a corto plazo
Excelente clima laboral
Presencial
Programación
Full-time, Indeterminado
Junior
1 vacante disponible"|Distrito no encontrado|No especificado|https://www.bumeran.com.pe/empleos/analista-programador-nodejs-web-html-grupo-tawa-1116751516.html
Desarrollador en Innovación y Automatización|"Publicado ayer
Lima, Lima, Peru
Descripción del puesto
CSTI Corp es una empresa peruana líder en la industria TI con más de 15 años en el mercado en países como Perú, Ecuador, Colombia, Costa Rica y Estados Unidos.
Ofrece soluciones de negocios en las líneas de Outsourcing, Licenciamientos SAP y Microsoft, soporte y mejora de aplicaciones, así como implementación y migración de sistemas bajo estrategias Cloud, aprovechando su alianza con marcas como Amazon, Azure, Huawei Cloud y Google Cloud.
Estamos en búsqueda de un Desarrollador Senior en Innovación y Automatización para potenciar nuestras soluciones tecnológicas y optimizar procesos.
🔍 ¿Qué buscamos?
Experiencia mínima de 5 años en una posición similar.
Dominio avanzado de Python.
Experiencia con Shell scripting (Bash & PowerShell).
Conocimientos en sistemas operativos: Windows, Linux y AIX (intermedio).
Experiencia en gestión de bases de datos.
Dominio de transacciones SQL y Queries avanzados en MSSQL, MySQL.
Desarrollo de aplicaciones en Python y JavaScript.
Conocimiento avanzado de Ansible.
Conocimientos intermedios en contenedores y Kubernetes.
Experiencia con Git y GitHub para desarrollo colaborativo.
Deseable experiencia como Full Stack Developer en Flask, Node.js, Angular y React.
💼"|Distrito no encontrado|No especificado|https://www.bumeran.com.pe/empleos/desarrollador-en-innovacion-y-automatizacion-csti-corp-1116751489.html
Desarrollador DevOps - Híbrido|"Publicado ayer
Lima, Lima, Peru
Descripción del puesto
CSTI Corp es una empresa peruana líder en la industria TI con más de 15 años en el mercado en países como Perú, Ecuador, Colombia, Costa Rica y Estados Unidos.
Ofrece soluciones de negocios en las líneas de Outsourcing, Licenciamientos SAP y Microsoft, soporte y mejora de aplicaciones, así como implementación y migración de sistemas bajo estrategias Cloud, aprovechando su alianza con marcas como Amazon, Azure, Huawei Cloud y Google Cloud.
Nos encontramos en la búsqueda de ""Desarrollador DevOps"":
Requisitos:
Experiencia de 2 a 3 años en desarrollo de aplicaciones de software.
Experiencia en CI/CD para aplicaciones moviles (Android / iOS) y conocimiento de las diferentes tiendas de aplicaciones en donde se realiza el despliegue de nuevas versiones de aplicaciones web, mobile, etc.
Experiencia creando pipelines de complejidad intermedia que involucre: Shell scripting, ansible, groovy.
Experiencia en despliegue de componentes en Kubernetes.
Experiencia trabajando en incidencias con herramientas DevSecOps.
Experiencia en Frontend en prácticas de CI/CD para aplicaciones/componentes Front-end (compilación, tipos de despliegue, ofuscamiento, SCA, SAST e implementarlas de forma automatizada).
Análisis de Requerimientos: trabajo con equipos para entender necesidades y diseñar soluciones en Jira - Conocimientosde metodologías ágiles (Scrum - Kanban).
Conocimientos en Jira Software y Jira Service Management: Administración de proyectos, configuración de workflows, permisos y notificaciones.
Conocimientos en Jira Assets (antes Insight): Gestión de activos dentro de Jira Service Management, creación de esquemas de objetos y relaciones.
Conocimientos en Jira Automation: Creación de reglas automatizadas usando Triggers, condiciones y acciones para optimizar flujos de trabajo.
Conocimiento del manejo de roles y permisos en Jira: configuración de esquemas de persmisos y acceso.
Conocimiento de integraciones con directorios de usuarios.
Conocimientos de programación y scripting en Jira REST Api.
Conocimientos de integraciones de Jira con plataformas cloud (AWS, Azure o GCP).
Conocimientos de programación Groovy.
De preferencia conocimientos en programación Java, Python o Node js.
Condiciones:
Modalidad Hibrida 2 veces a la semana en oficina en Chorrillos.
Salario bajo PLANILLA COMPLETA en CSTI.
Horario de lunes a viernes de 8:00 am a 6:00pm.
¡Ven y únete al equipo de CSTI CORP!
Híbrido
Programación
Full-time, Temporal
Semi Sr
1 vacante disponible"|Distrito no encontrado|No especificado|https://www.bumeran.com.pe/empleos/desarrollador-devops-hibrido-csti-corp-1116751467.html
