party,rank,points,penalty,successfulHackCount,unsuccessfulHackCount,problemResults
"{'contestId': 1995, 'participantId': 187343003, 'members': [{'handle': 'rainboy'}], 'participantType': 'CONTESTANT', 'ghost': False, 'room': 189, 'startTimeSeconds': 1721745300}",1,5468.0,0,0,0,"[{'points': 0.0, 'rejectedAttemptCount': 0, 'type': 'FINAL'}, {'points': 0.0, 'rejectedAttemptCount': 0, 'type': 'FINAL'}, {'points': 0.0, 'rejectedAttemptCount': 0, 'type': 'FINAL'}, {'points': 0.0, 'rejectedAttemptCount': 0, 'type': 'FINAL'}, {'points': 1908.0, 'rejectedAttemptCount': 0, 'type': 'FINAL', 'bestSubmissionTimeSeconds': 2325}, {'points': 2210.0, 'rejectedAttemptCount': 0, 'type': 'FINAL', 'bestSubmissionTimeSeconds': 1768}, {'points': 1350.0, 'rejectedAttemptCount': 0, 'type': 'FINAL', 'bestSubmissionTimeSeconds': 1525}]"
"{'contestId': 1995, 'participantId': 187401036, 'members': [{'handle': 'GidrAcH'}], 'participantType': 'CONTESTANT', 'ghost': False, 'room': 218, 'startTimeSeconds': 1721745300}",2,5144.0,0,0,0,"[{'points': 496.0, 'rejectedAttemptCount': 0, 'type': 'FINAL', 'bestSubmissionTimeSeconds': 167}, {'points': 960.0, 'rejectedAttemptCount': 0, 'type': 'FINAL', 'bestSubmissionTimeSeconds': 644}, {'points': 466.0, 'rejectedAttemptCount': 0, 'type': 'FINAL', 'bestSubmissionTimeSeconds': 1070}, {'points': 1512.0, 'rejectedAttemptCount': 0, 'type': 'FINAL', 'bestSubmissionTimeSeconds': 2083}, {'points': 1710.0, 'rejectedAttemptCount': 0, 'type': 'FINAL', 'bestSubmissionTimeSeconds': 3651}, {'points': 0.0, 'rejectedAttemptCount': 0, 'type': 'FINAL'}, {'points': 0.0, 'rejectedAttemptCount': 0, 'type': 'FINAL'}]"
"{'contestId': 1995, 'participantId': 187342584, 'members': [{'handle': 'toma_ariciu'}], 'participantType': 'CONTESTANT', 'ghost': False, 'room': 397, 'startTimeSeconds': 1721745300}",3,5139.0,0,0,0,"[{'points': 496.0, 'rejectedAttemptCount': 0, 'type': 'FINAL', 'bestSubmissionTimeSeconds': 159}, {'points': 932.0, 'rejectedAttemptCount': 0, 'type': 'FINAL', 'bestSubmissionTimeSeconds': 1020}, {'points': 464.0, 'rejectedAttemptCount': 0, 'type': 'FINAL', 'bestSubmissionTimeSeconds': 1138}, {'points': 1519.0, 'rejectedAttemptCount': 0, 'type': 'FINAL', 'bestSubmissionTimeSeconds': 2009}, {'points': 1728.0, 'rejectedAttemptCount': 0, 'type': 'FINAL', 'bestSubmissionTimeSeconds': 3537}, {'points': 0.0, 'rejectedAttemptCount': 0, 'type': 'FINAL'}, {'points': 0.0, 'rejectedAttemptCount': 0, 'type': 'FINAL'}]"
"{'contestId': 1995, 'participantId': 187160637, 'members': [{'handle': 'biximo'}], 'participantType': 'CONTESTANT', 'ghost': False, 'room': 100, 'startTimeSeconds': 1721745300}",4,5044.0,0,0,0,"[{'points': 490.0, 'rejectedAttemptCount': 0, 'type': 'FINAL', 'bestSubmissionTimeSeconds': 328}, {'points': 920.0, 'rejectedAttemptCount': 0, 'type': 'FINAL', 'bestSubmissionTimeSeconds': 1202}, {'points': 420.0, 'rejectedAttemptCount': 1, 'type': 'FINAL', 'bestSubmissionTimeSeconds': 922}, {'points': 1540.0, 'rejectedAttemptCount': 0, 'type': 'FINAL', 'bestSubmissionTimeSeconds': 1857}, {'points': 1674.0, 'rejectedAttemptCount': 0, 'type': 'FINAL', 'bestSubmissionTimeSeconds': 3845}, {'points': 0.0, 'rejectedAttemptCount': 0, 'type': 'FINAL'}, {'points': 0.0, 'rejectedAttemptCount': 0, 'type': 'FINAL'}]"
"{'contestId': 1995, 'participantId': 187393849, 'members': [{'handle': 'zhengjc'}], 'participantType': 'CONTESTANT', 'ghost': False, 'room': 545, 'startTimeSeconds': 1721745300}",5,5006.0,0,0,0,"[{'points': 494.0, 'rejectedAttemptCount': 0, 'type': 'FINAL', 'bestSubmissionTimeSeconds': 204}, {'points': 924.0, 'rejectedAttemptCount': 0, 'type': 'FINAL', 'bestSubmissionTimeSeconds': 1176}, {'points': 472.0, 'rejectedAttemptCount': 0, 'type': 'FINAL', 'bestSubmissionTimeSeconds': 845}, {'points': 1442.0, 'rejectedAttemptCount': 0, 'type': 'FINAL', 'bestSubmissionTimeSeconds': 2698}, {'points': 1674.0, 'rejectedAttemptCount': 0, 'type': 'FINAL', 'bestSubmissionTimeSeconds': 3898}, {'points': 0.0, 'rejectedAttemptCount': 0, 'type': 'FINAL'}, {'points': 0.0, 'rejectedAttemptCount': 0, 'type': 'FINAL'}]"
"{'contestId': 1995, 'participantId': 187094084, 'members': [{'handle': 'sdyakonov'}], 'participantType': 'CONTESTANT', 'ghost': False, 'room': 316, 'startTimeSeconds': 1721745300}",6,5005.0,0,0,0,"[{'points': 496.0, 'rejectedAttemptCount': 0, 'type': 'FINAL', 'bestSubmissionTimeSeconds': 148}, {'points': 968.0, 'rejectedAttemptCount': 0, 'type': 'FINAL', 'bestSubmissionTimeSeconds': 493}, {'points': 388.0, 'rejectedAttemptCount': 0, 'type': 'FINAL', 'bestSubmissionTimeSeconds': 3393}, {'points': 1533.0, 'rejectedAttemptCount': 0, 'type': 'FINAL', 'bestSubmissionTimeSeconds': 1873}, {'points': 1620.0, 'rejectedAttemptCount': 0, 'type': 'FINAL', 'bestSubmissionTimeSeconds': 4241}, {'points': 0.0, 'rejectedAttemptCount': 0, 'type': 'FINAL'}, {'points': 0.0, 'rejectedAttemptCount': 0, 'type': 'FINAL'}]"
"{'contestId': 1995, 'participantId': 187203255, 'members': [{'handle': 'tas6'}], 'participantType': 'CONTESTANT', 'ghost': False, 'room': 564, 'startTimeSeconds': 1721745300}",7,4913.0,0,0,0,"[{'points': 494.0, 'rejectedAttemptCount': 0, 'type': 'FINAL', 'bestSubmissionTimeSeconds': 181}, {'points': 846.0, 'rejectedAttemptCount': 1, 'type': 'FINAL', 'bestSubmissionTimeSeconds': 1582}, {'points': 400.0, 'rejectedAttemptCount': 1, 'type': 'FINAL', 'bestSubmissionTimeSeconds': 1548}, {'points': 1463.0, 'rejectedAttemptCount': 0, 'type': 'FINAL', 'bestSubmissionTimeSeconds': 2519}, {'points': 1710.0, 'rejectedAttemptCount': 0, 'type': 'FINAL', 'bestSubmissionTimeSeconds': 3624}, {'points': 0.0, 'rejectedAttemptCount': 0, 'type': 'FINAL'}, {'points': 0.0, 'rejectedAttemptCount': 0, 'type': 'FINAL'}]"
"{'contestId': 1995, 'participantId': 187074282, 'members': [{'handle': 'nanani'}], 'participantType': 'CONTESTANT', 'ghost': False, 'room': 22, 'startTimeSeconds': 1721745300}",8,4800.0,0,0,0,"[{'points': 492.0, 'rejectedAttemptCount': 0, 'type': 'FINAL', 'bestSubmissionTimeSeconds': 252}, {'points': 916.0, 'rejectedAttemptCount': 0, 'type': 'FINAL', 'bestSubmissionTimeSeconds': 1307}, {'points': 458.0, 'rejectedAttemptCount': 0, 'type': 'FINAL', 'bestSubmissionTimeSeconds': 1268}, {'points': 1512.0, 'rejectedAttemptCount': 0, 'type': 'FINAL', 'bestSubmissionTimeSeconds': 2053}, {'points': 1422.0, 'rejectedAttemptCount': 0, 'type': 'FINAL', 'bestSubmissionTimeSeconds': 5540}, {'points': 0.0, 'rejectedAttemptCount': 0, 'type': 'FINAL'}, {'points': 0.0, 'rejectedAttemptCount': 0, 'type': 'FINAL'}]"
"{'contestId': 1995, 'participantId': 187083944, 'members': [{'handle': 'amcbn'}], 'participantType': 'CONTESTANT', 'ghost': False, 'room': 579, 'startTimeSeconds': 1721745300}",8,4800.0,0,0,0,"[{'points': 494.0, 'rejectedAttemptCount': 0, 'type': 'FINAL', 'bestSubmissionTimeSeconds': 202}, {'points': 916.0, 'rejectedAttemptCount': 0, 'type': 'FINAL', 'bestSubmissionTimeSeconds': 1274}, {'points': 460.0, 'rejectedAttemptCount': 0, 'type': 'FINAL', 'bestSubmissionTimeSeconds': 1207}, {'points': 1463.0, 'rejectedAttemptCount': 0, 'type': 'FINAL', 'bestSubmissionTimeSeconds': 2502}, {'points': 1467.0, 'rejectedAttemptCount': 0, 'type': 'FINAL', 'bestSubmissionTimeSeconds': 5238}, {'points': 0.0, 'rejectedAttemptCount': 0, 'type': 'FINAL'}, {'points': 0.0, 'rejectedAttemptCount': 0, 'type': 'FINAL'}]"
"{'contestId': 1995, 'participantId': 187297336, 'members': [{'handle': 'wsyj_AK_IOI'}], 'participantType': 'CONTESTANT', 'ghost': False, 'room': 142, 'startTimeSeconds': 1721745300}",10,4796.0,0,0,0,"[{'points': 494.0, 'rejectedAttemptCount': 0, 'type': 'FINAL', 'bestSubmissionTimeSeconds': 187}, {'points': 924.0, 'rejectedAttemptCount': 0, 'type': 'FINAL', 'bestSubmissionTimeSeconds': 1144}, {'points': 418.0, 'rejectedAttemptCount': 1, 'type': 'FINAL', 'bestSubmissionTimeSeconds': 972}, {'points': 1484.0, 'rejectedAttemptCount': 0, 'type': 'FINAL', 'bestSubmissionTimeSeconds': 2313}, {'points': 1476.0, 'rejectedAttemptCount': 0, 'type': 'FINAL', 'bestSubmissionTimeSeconds': 5188}, {'points': 0.0, 'rejectedAttemptCount': 0, 'type': 'FINAL'}, {'points': 0.0, 'rejectedAttemptCount': 0, 'type': 'FINAL'}]"
"{'contestId': 1995, 'participantId': 187142232, 'members': [{'handle': 'xingjz24'}], 'participantType': 'CONTESTANT', 'ghost': False, 'room': 151, 'startTimeSeconds': 1721745300}",11,4791.0,0,0,0,"[{'points': 492.0, 'rejectedAttemptCount': 0, 'type': 'FINAL', 'bestSubmissionTimeSeconds': 247}, {'points': 924.0, 'rejectedAttemptCount': 0, 'type': 'FINAL', 'bestSubmissionTimeSeconds': 1154}, {'points': 404.0, 'rejectedAttemptCount': 1, 'type': 'FINAL', 'bestSubmissionTimeSeconds': 1385}, {'points': 1414.0, 'rejectedAttemptCount': 0, 'type': 'FINAL', 'bestSubmissionTimeSeconds': 2902}, {'points': 1557.0, 'rejectedAttemptCount': 0, 'type': 'FINAL', 'bestSubmissionTimeSeconds': 4654}, {'points': 0.0, 'rejectedAttemptCount': 0, 'type': 'FINAL'}, {'points': 0.0, 'rejectedAttemptCount': 0, 'type': 'FINAL'}]"
"{'contestId': 1995, 'participantId': 187311786, 'members': [{'handle': 'NortGlG'}], 'participantType': 'CONTESTANT', 'ghost': False, 'room': 224, 'startTimeSeconds': 1721745300}",12,4788.0,0,0,0,"[{'points': 496.0, 'rejectedAttemptCount': 0, 'type': 'FINAL', 'bestSubmissionTimeSeconds': 174}, {'points': 826.0, 'rejectedAttemptCount': 1, 'type': 'FINAL', 'bestSubmissionTimeSeconds': 1862}, {'points': 436.0, 'rejectedAttemptCount': 0, 'type': 'FINAL', 'bestSubmissionTimeSeconds': 1927}, {'points': 1428.0, 'rejectedAttemptCount': 0, 'type': 'FINAL', 'bestSubmissionTimeSeconds': 2779}, {'points': 1602.0, 'rejectedAttemptCount': 0, 'type': 'FINAL', 'bestSubmissionTimeSeconds': 4374}, {'points': 0.0, 'rejectedAttemptCount': 0, 'type': 'FINAL'}, {'points': 0.0, 'rejectedAttemptCount': 0, 'type': 'FINAL'}]"
"{'contestId': 1995, 'participantId': 187112945, 'members': [{'handle': 'Tagaki_san'}], 'participantType': 'CONTESTANT', 'ghost': False, 'room': 200, 'startTimeSeconds': 1721745300}",13,4775.0,0,0,0,"[{'points': 494.0, 'rejectedAttemptCount': 0, 'type': 'FINAL', 'bestSubmissionTimeSeconds': 233}, {'points': 924.0, 'rejectedAttemptCount': 0, 'type': 'FINAL', 'bestSubmissionTimeSeconds': 1170}, {'points': 460.0, 'rejectedAttemptCount': 0, 'type': 'FINAL', 'bestSubmissionTimeSeconds': 1243}, {'points': 1421.0, 'rejectedAttemptCount': 0, 'type': 'FINAL', 'bestSubmissionTimeSeconds': 2858}, {'points': 1476.0, 'rejectedAttemptCount': 0, 'type': 'FINAL', 'bestSubmissionTimeSeconds': 5184}, {'points': 0.0, 'rejectedAttemptCount': 0, 'type': 'FINAL'}, {'points': 0.0, 'rejectedAttemptCount': 0, 'type': 'FINAL'}]"
"{'contestId': 1995, 'participantId': 187183845, 'members': [{'handle': 'nothing_lasts_forever'}], 'participantType': 'CONTESTANT', 'ghost': False, 'room': 421, 'startTimeSeconds': 1721745300}",14,4773.0,0,0,0,"[{'points': 492.0, 'rejectedAttemptCount': 0, 'type': 'FINAL', 'bestSubmissionTimeSeconds': 244}, {'points': 952.0, 'rejectedAttemptCount': 0, 'type': 'FINAL', 'bestSubmissionTimeSeconds': 744}, {'points': 386.0, 'rejectedAttemptCount': 0, 'type': 'FINAL', 'bestSubmissionTimeSeconds': 3450}, {'points': 1476.0, 'rejectedAttemptCount': 1, 'type': 'FINAL', 'bestSubmissionTimeSeconds': 1946}, {'points': 1467.0, 'rejectedAttemptCount': 0, 'type': 'FINAL', 'bestSubmissionTimeSeconds': 5267}, {'points': 0.0, 'rejectedAttemptCount': 0, 'type': 'FINAL'}, {'points': 0.0, 'rejectedAttemptCount': 0, 'type': 'FINAL'}]"
"{'contestId': 1995, 'participantId': 187404565, 'members': [{'handle': 'Dispersion_cf'}], 'participantType': 'CONTESTANT', 'ghost': False, 'room': 95, 'startTimeSeconds': 1721745300}",15,4764.0,0,0,0,"[{'points': 494.0, 'rejectedAttemptCount': 0, 'type': 'FINAL', 'bestSubmissionTimeSeconds': 216}, {'points': 928.0, 'rejectedAttemptCount': 0, 'type': 'FINAL', 'bestSubmissionTimeSeconds': 1123}, {'points': 444.0, 'rejectedAttemptCount': 0, 'type': 'FINAL', 'bestSubmissionTimeSeconds': 1700}, {'points': 1449.0, 'rejectedAttemptCount': 0, 'type': 'FINAL', 'bestSubmissionTimeSeconds': 2605}, {'points': 1449.0, 'rejectedAttemptCount': 0, 'type': 'FINAL', 'bestSubmissionTimeSeconds': 5399}, {'points': 0.0, 'rejectedAttemptCount': 0, 'type': 'FINAL'}, {'points': 0.0, 'rejectedAttemptCount': 0, 'type': 'FINAL'}]"
"{'contestId': 1995, 'participantId': 187401581, 'members': [{'handle': 'aPNJ777'}], 'participantType': 'CONTESTANT', 'ghost': False, 'room': 69, 'startTimeSeconds': 1721745300}",16,4763.0,0,0,0,"[{'points': 494.0, 'rejectedAttemptCount': 0, 'type': 'FINAL', 'bestSubmissionTimeSeconds': 187}, {'points': 900.0, 'rejectedAttemptCount': 0, 'type': 'FINAL', 'bestSubmissionTimeSeconds': 1550}, {'points': 406.0, 'rejectedAttemptCount': 1, 'type': 'FINAL', 'bestSubmissionTimeSeconds': 1342}, {'points': 1442.0, 'rejectedAttemptCount': 0, 'type': 'FINAL', 'bestSubmissionTimeSeconds': 2649}, {'points': 1521.0, 'rejectedAttemptCount': 0, 'type': 'FINAL', 'bestSubmissionTimeSeconds': 4915}, {'points': 0.0, 'rejectedAttemptCount': 0, 'type': 'FINAL'}, {'points': 0.0, 'rejectedAttemptCount': 0, 'type': 'FINAL'}]"
"{'contestId': 1995, 'participantId': 187404795, 'members': [{'handle': 'Franklzh'}], 'participantType': 'CONTESTANT', 'ghost': False, 'room': 606, 'startTimeSeconds': 1721745300}",17,4761.0,0,0,0,"[{'points': 494.0, 'rejectedAttemptCount': 0, 'type': 'FINAL', 'bestSubmissionTimeSeconds': 223}, {'points': 936.0, 'rejectedAttemptCount': 0, 'type': 'FINAL', 'bestSubmissionTimeSeconds': 963}, {'points': 464.0, 'rejectedAttemptCount': 0, 'type': 'FINAL', 'bestSubmissionTimeSeconds': 1100}, {'points': 1540.0, 'rejectedAttemptCount': 0, 'type': 'FINAL', 'bestSubmissionTimeSeconds': 1854}, {'points': 1327.0, 'rejectedAttemptCount': 1, 'type': 'FINAL', 'bestSubmissionTimeSeconds': 5878}, {'points': 0.0, 'rejectedAttemptCount': 0, 'type': 'FINAL'}, {'points': 0.0, 'rejectedAttemptCount': 0, 'type': 'FINAL'}]"
"{'contestId': 1995, 'participantId': 187402669, 'members': [{'handle': 'itachi_uchiha118'}], 'participantType': 'CONTESTANT', 'ghost': False, 'room': 260, 'startTimeSeconds': 1721745300}",18,4747.0,0,0,0,"[{'points': 492.0, 'rejectedAttemptCount': 0, 'type': 'FINAL', 'bestSubmissionTimeSeconds': 258}, {'points': 900.0, 'rejectedAttemptCount': 0, 'type': 'FINAL', 'bestSubmissionTimeSeconds': 1523}, {'points': 352.0, 'rejectedAttemptCount': 2, 'type': 'FINAL', 'bestSubmissionTimeSeconds': 1463}, {'points': 1491.0, 'rejectedAttemptCount': 0, 'type': 'FINAL', 'bestSubmissionTimeSeconds': 2271}, {'points': 1512.0, 'rejectedAttemptCount': 0, 'type': 'FINAL', 'bestSubmissionTimeSeconds': 4974}, {'points': 0.0, 'rejectedAttemptCount': 0, 'type': 'FINAL'}, {'points': 0.0, 'rejectedAttemptCount': 0, 'type': 'FINAL'}]"
"{'contestId': 1995, 'participantId': 187337264, 'members': [{'handle': 'Ignut'}], 'participantType': 'CONTESTANT', 'ghost': False, 'room': 142, 'startTimeSeconds': 1721745300}",19,4739.0,0,0,0,"[{'points': 492.0, 'rejectedAttemptCount': 0, 'type': 'FINAL', 'bestSubmissionTimeSeconds': 297}, {'points': 748.0, 'rejectedAttemptCount': 2, 'type': 'FINAL', 'bestSubmissionTimeSeconds': 2283}, {'points': 428.0, 'rejectedAttemptCount': 0, 'type': 'FINAL', 'bestSubmissionTimeSeconds': 2194}, {'points': 1568.0, 'rejectedAttemptCount': 0, 'type': 'FINAL', 'bestSubmissionTimeSeconds': 1561}, {'points': 1503.0, 'rejectedAttemptCount': 0, 'type': 'FINAL', 'bestSubmissionTimeSeconds': 5035}, {'points': 0.0, 'rejectedAttemptCount': 0, 'type': 'FINAL'}, {'points': 0.0, 'rejectedAttemptCount': 0, 'type': 'FINAL'}]"
"{'contestId': 1995, 'participantId': 187407068, 'members': [{'handle': 'gogogored'}], 'participantType': 'CONTESTANT', 'ghost': False, 'room': 343, 'startTimeSeconds': 1721745300}",20,4719.0,0,0,0,"[{'points': 478.0, 'rejectedAttemptCount': 0, 'type': 'FINAL', 'bestSubmissionTimeSeconds': 670}, {'points': 920.0, 'rejectedAttemptCount': 0, 'type': 'FINAL', 'bestSubmissionTimeSeconds': 1239}, {'points': 358.0, 'rejectedAttemptCount': 1, 'type': 'FINAL', 'bestSubmissionTimeSeconds': 2769}, {'points': 1519.0, 'rejectedAttemptCount': 0, 'type': 'FINAL', 'bestSubmissionTimeSeconds': 2003}, {'points': 1444.0, 'rejectedAttemptCount': 1, 'type': 'FINAL', 'bestSubmissionTimeSeconds': 5045}, {'points': 0.0, 'rejectedAttemptCount': 0, 'type': 'FINAL'}, {'points': 0.0, 'rejectedAttemptCount': 0, 'type': 'FINAL'}]"
"{'contestId': 1995, 'participantId': 187378176, 'members': [{'handle': 'caoshurui'}], 'participantType': 'CONTESTANT', 'ghost': False, 'room': 92, 'startTimeSeconds': 1721745300}",20,4719.0,0,0,0,"[{'points': 490.0, 'rejectedAttemptCount': 0, 'type': 'FINAL', 'bestSubmissionTimeSeconds': 346}, {'points': 952.0, 'rejectedAttemptCount': 0, 'type': 'FINAL', 'bestSubmissionTimeSeconds': 726}, {'points': 460.0, 'rejectedAttemptCount': 0, 'type': 'FINAL', 'bestSubmissionTimeSeconds': 1230}, {'points': 1449.0, 'rejectedAttemptCount': 0, 'type': 'FINAL', 'bestSubmissionTimeSeconds': 2620}, {'points': 1368.0, 'rejectedAttemptCount': 0, 'type': 'FINAL', 'bestSubmissionTimeSeconds': 5883}, {'points': 0.0, 'rejectedAttemptCount': 0, 'type': 'FINAL'}, {'points': 0.0, 'rejectedAttemptCount': 0, 'type': 'FINAL'}]"
"{'contestId': 1995, 'participantId': 187401419, 'members': [{'handle': 'October_orz'}], 'participantType': 'CONTESTANT', 'ghost': False, 'room': 690, 'startTimeSeconds': 1721745300}",22,4716.0,0,0,0,"[{'points': 492.0, 'rejectedAttemptCount': 0, 'type': 'FINAL', 'bestSubmissionTimeSeconds': 247}, {'points': 944.0, 'rejectedAttemptCount': 0, 'type': 'FINAL', 'bestSubmissionTimeSeconds': 843}, {'points': 390.0, 'rejectedAttemptCount': 0, 'type': 'FINAL', 'bestSubmissionTimeSeconds': 3312}, {'points': 1405.0, 'rejectedAttemptCount': 2, 'type': 'FINAL', 'bestSubmissionTimeSeconds': 2157}, {'points': 1485.0, 'rejectedAttemptCount': 0, 'type': 'FINAL', 'bestSubmissionTimeSeconds': 5118}, {'points': 0.0, 'rejectedAttemptCount': 0, 'type': 'FINAL'}, {'points': 0.0, 'rejectedAttemptCount': 0, 'type': 'FINAL'}]"
"{'contestId': 1995, 'participantId': 187206802, 'members': [{'handle': 'Moeebius'}], 'participantType': 'CONTESTANT', 'ghost': False, 'room': 559, 'startTimeSeconds': 1721745300}",23,4709.0,0,0,0,"[{'points': 488.0, 'rejectedAttemptCount': 0, 'type': 'FINAL', 'bestSubmissionTimeSeconds': 384}, {'points': 952.0, 'rejectedAttemptCount': 0, 'type': 'FINAL', 'bestSubmissionTimeSeconds': 735}, {'points': 424.0, 'rejectedAttemptCount': 0, 'type': 'FINAL', 'bestSubmissionTimeSeconds': 2336}, {'points': 1279.0, 'rejectedAttemptCount': 2, 'type': 'FINAL', 'bestSubmissionTimeSeconds': 3188}, {'points': 1566.0, 'rejectedAttemptCount': 0, 'type': 'FINAL', 'bestSubmissionTimeSeconds': 4601}, {'points': 0.0, 'rejectedAttemptCount': 0, 'type': 'FINAL'}, {'points': 0.0, 'rejectedAttemptCount': 0, 'type': 'FINAL'}]"
"{'contestId': 1995, 'participantId': 187225590, 'members': [{'handle': '_Separation'}], 'participantType': 'CONTESTANT', 'ghost': False, 'room': 411, 'startTimeSeconds': 1721745300}",24,4675.0,0,0,0,"[{'points': 484.0, 'rejectedAttemptCount': 0, 'type': 'FINAL', 'bestSubmissionTimeSeconds': 496}, {'points': 916.0, 'rejectedAttemptCount': 0, 'type': 'FINAL', 'bestSubmissionTimeSeconds': 1314}, {'points': 396.0, 'rejectedAttemptCount': 1, 'type': 'FINAL', 'bestSubmissionTimeSeconds': 1674}, {'points': 1421.0, 'rejectedAttemptCount': 0, 'type': 'FINAL', 'bestSubmissionTimeSeconds': 2822}, {'points': 1458.0, 'rejectedAttemptCount': 0, 'type': 'FINAL', 'bestSubmissionTimeSeconds': 5318}, {'points': 0.0, 'rejectedAttemptCount': 0, 'type': 'FINAL'}, {'points': 0.0, 'rejectedAttemptCount': 0, 'type': 'FINAL'}]"
"{'contestId': 1995, 'participantId': 187388326, 'members': [{'handle': 'Jie-XuSheng'}], 'participantType': 'CONTESTANT', 'ghost': False, 'room': 286, 'startTimeSeconds': 1721745300}",25,4672.0,0,0,0,"[{'points': 496.0, 'rejectedAttemptCount': 0, 'type': 'FINAL', 'bestSubmissionTimeSeconds': 174}, {'points': 898.0, 'rejectedAttemptCount': 1, 'type': 'FINAL', 'bestSubmissionTimeSeconds': 804}, {'points': 432.0, 'rejectedAttemptCount': 0, 'type': 'FINAL', 'bestSubmissionTimeSeconds': 2062}, {'points': 1582.0, 'rejectedAttemptCount': 0, 'type': 'FINAL', 'bestSubmissionTimeSeconds': 1479}, {'points': 1264.0, 'rejectedAttemptCount': 1, 'type': 'FINAL', 'bestSubmissionTimeSeconds': 6297}, {'points': 0.0, 'rejectedAttemptCount': 0, 'type': 'FINAL'}, {'points': 0.0, 'rejectedAttemptCount': 0, 'type': 'FINAL'}]"
"{'contestId': 1995, 'participantId': 187022749, 'members': [{'handle': 'PieArmy'}], 'participantType': 'CONTESTANT', 'ghost': False, 'room': 599, 'startTimeSeconds': 1721745300}",25,4672.0,0,0,0,"[{'points': 492.0, 'rejectedAttemptCount': 0, 'type': 'FINAL', 'bestSubmissionTimeSeconds': 280}, {'points': 784.0, 'rejectedAttemptCount': 2, 'type': 'FINAL', 'bestSubmissionTimeSeconds': 1761}, {'points': 394.0, 'rejectedAttemptCount': 1, 'type': 'FINAL', 'bestSubmissionTimeSeconds': 1704}, {'points': 1400.0, 'rejectedAttemptCount': 0, 'type': 'FINAL', 'bestSubmissionTimeSeconds': 3056}, {'points': 1602.0, 'rejectedAttemptCount': 0, 'type': 'FINAL', 'bestSubmissionTimeSeconds': 4355}, {'points': 0.0, 'rejectedAttemptCount': 0, 'type': 'FINAL'}, {'points': 0.0, 'rejectedAttemptCount': 0, 'type': 'FINAL'}]"
"{'contestId': 1995, 'participantId': 187347053, 'members': [{'handle': 'danx'}], 'participantType': 'CONTESTANT', 'ghost': False, 'room': 170, 'startTimeSeconds': 1721745300}",27,4661.0,0,0,0,"[{'points': 494.0, 'rejectedAttemptCount': 0, 'type': 'FINAL', 'bestSubmissionTimeSeconds': 218}, {'points': 928.0, 'rejectedAttemptCount': 0, 'type': 'FINAL', 'bestSubmissionTimeSeconds': 1103}, {'points': 460.0, 'rejectedAttemptCount': 0, 'type': 'FINAL', 'bestSubmissionTimeSeconds': 1216}, {'points': 1222.0, 'rejectedAttemptCount': 3, 'type': 'FINAL', 'bestSubmissionTimeSeconds': 3290}, {'points': 1557.0, 'rejectedAttemptCount': 0, 'type': 'FINAL', 'bestSubmissionTimeSeconds': 4665}, {'points': 0.0, 'rejectedAttemptCount': 0, 'type': 'FINAL'}, {'points': 0.0, 'rejectedAttemptCount': 0, 'type': 'FINAL'}]"
"{'contestId': 1995, 'participantId': 187404532, 'members': [{'handle': '-Mescherez-'}], 'participantType': 'CONTESTANT', 'ghost': False, 'room': 55, 'startTimeSeconds': 1721745300}",27,4661.0,0,0,0,"[{'points': 494.0, 'rejectedAttemptCount': 0, 'type': 'FINAL', 'bestSubmissionTimeSeconds': 202}, {'points': 822.0, 'rejectedAttemptCount': 1, 'type': 'FINAL', 'bestSubmissionTimeSeconds': 1971}, {'points': 446.0, 'rejectedAttemptCount': 0, 'type': 'FINAL', 'bestSubmissionTimeSeconds': 1662}, {'points': 1414.0, 'rejectedAttemptCount': 0, 'type': 'FINAL', 'bestSubmissionTimeSeconds': 2934}, {'points': 1485.0, 'rejectedAttemptCount': 0, 'type': 'FINAL', 'bestSubmissionTimeSeconds': 5159}, {'points': 0.0, 'rejectedAttemptCount': 0, 'type': 'FINAL'}, {'points': 0.0, 'rejectedAttemptCount': 0, 'type': 'FINAL'}]"
"{'contestId': 1995, 'participantId': 187400924, 'members': [{'handle': 'AndroidOreo'}], 'participantType': 'CONTESTANT', 'ghost': False, 'room': 449, 'startTimeSeconds': 1721745300}",29,4654.0,0,0,0,"[{'points': 496.0, 'rejectedAttemptCount': 0, 'type': 'FINAL', 'bestSubmissionTimeSeconds': 162}, {'points': 968.0, 'rejectedAttemptCount': 0, 'type': 'FINAL', 'bestSubmissionTimeSeconds': 492}, {'points': 462.0, 'rejectedAttemptCount': 0, 'type': 'FINAL', 'bestSubmissionTimeSeconds': 1193}, {'points': 1180.0, 'rejectedAttemptCount': 3, 'type': 'FINAL', 'bestSubmissionTimeSeconds': 3632}, {'points': 1548.0, 'rejectedAttemptCount': 0, 'type': 'FINAL', 'bestSubmissionTimeSeconds': 4688}, {'points': 0.0, 'rejectedAttemptCount': 2, 'type': 'FINAL'}, {'points': 0.0, 'rejectedAttemptCount': 0, 'type': 'FINAL'}]"
"{'contestId': 1995, 'participantId': 187302640, 'members': [{'handle': 'qusol'}], 'participantType': 'CONTESTANT', 'ghost': False, 'room': 576, 'startTimeSeconds': 1721745300}",30,4652.0,0,0,0,"[{'points': 492.0, 'rejectedAttemptCount': 0, 'type': 'FINAL', 'bestSubmissionTimeSeconds': 252}, {'points': 952.0, 'rejectedAttemptCount': 0, 'type': 'FINAL', 'bestSubmissionTimeSeconds': 735}, {'points': 458.0, 'rejectedAttemptCount': 0, 'type': 'FINAL', 'bestSubmissionTimeSeconds': 1289}, {'points': 1400.0, 'rejectedAttemptCount': 0, 'type': 'FINAL', 'bestSubmissionTimeSeconds': 3006}, {'points': 1350.0, 'rejectedAttemptCount': 0, 'type': 'FINAL', 'bestSubmissionTimeSeconds': 6019}, {'points': 0.0, 'rejectedAttemptCount': 0, 'type': 'FINAL'}, {'points': 0.0, 'rejectedAttemptCount': 0, 'type': 'FINAL'}]"
"{'contestId': 1995, 'participantId': 187388794, 'members': [{'handle': 'rtckyw_'}], 'participantType': 'CONTESTANT', 'ghost': False, 'room': 640, 'startTimeSeconds': 1721745300}",31,4639.0,0,0,0,"[{'points': 494.0, 'rejectedAttemptCount': 0, 'type': 'FINAL', 'bestSubmissionTimeSeconds': 185}, {'points': 892.0, 'rejectedAttemptCount': 0, 'type': 'FINAL', 'bestSubmissionTimeSeconds': 1623}, {'points': 450.0, 'rejectedAttemptCount': 0, 'type': 'FINAL', 'bestSubmissionTimeSeconds': 1538}, {'points': 1435.0, 'rejectedAttemptCount': 0, 'type': 'FINAL', 'bestSubmissionTimeSeconds': 2722}, {'points': 1368.0, 'rejectedAttemptCount': 0, 'type': 'FINAL', 'bestSubmissionTimeSeconds': 5920}, {'points': 0.0, 'rejectedAttemptCount': 0, 'type': 'FINAL'}, {'points': 0.0, 'rejectedAttemptCount': 0, 'type': 'FINAL'}]"
"{'contestId': 1995, 'participantId': 187400323, 'members': [{'handle': 'KingOfGenshin'}], 'participantType': 'CONTESTANT', 'ghost': False, 'room': 234, 'startTimeSeconds': 1721745300}",32,4638.0,0,0,0,"[{'points': 492.0, 'rejectedAttemptCount': 0, 'type': 'FINAL', 'bestSubmissionTimeSeconds': 244}, {'points': 894.0, 'rejectedAttemptCount': 1, 'type': 'FINAL', 'bestSubmissionTimeSeconds': 849}, {'points': 430.0, 'rejectedAttemptCount': 0, 'type': 'FINAL', 'bestSubmissionTimeSeconds': 2104}, {'points': 1337.0, 'rejectedAttemptCount': 0, 'type': 'FINAL', 'bestSubmissionTimeSeconds': 3554}, {'points': 1485.0, 'rejectedAttemptCount': 0, 'type': 'FINAL', 'bestSubmissionTimeSeconds': 5127}, {'points': 0.0, 'rejectedAttemptCount': 0, 'type': 'FINAL'}, {'points': 0.0, 'rejectedAttemptCount': 0, 'type': 'FINAL'}]"
"{'contestId': 1995, 'participantId': 187381303, 'members': [{'handle': 'operator_'}], 'participantType': 'CONTESTANT', 'ghost': False, 'room': 608, 'startTimeSeconds': 1721745300}",33,4628.0,0,0,0,"[{'points': 494.0, 'rejectedAttemptCount': 0, 'type': 'FINAL', 'bestSubmissionTimeSeconds': 227}, {'points': 952.0, 'rejectedAttemptCount': 0, 'type': 'FINAL', 'bestSubmissionTimeSeconds': 723}, {'points': 436.0, 'rejectedAttemptCount': 0, 'type': 'FINAL', 'bestSubmissionTimeSeconds': 1950}, {'points': 1288.0, 'rejectedAttemptCount': 0, 'type': 'FINAL', 'bestSubmissionTimeSeconds': 3968}, {'points': 1458.0, 'rejectedAttemptCount': 0, 'type': 'FINAL', 'bestSubmissionTimeSeconds': 5328}, {'points': 0.0, 'rejectedAttemptCount': 0, 'type': 'FINAL'}, {'points': 0.0, 'rejectedAttemptCount': 0, 'type': 'FINAL'}]"
"{'contestId': 1995, 'participantId': 187397288, 'members': [{'handle': '__czm297'}], 'participantType': 'CONTESTANT', 'ghost': False, 'room': 685, 'startTimeSeconds': 1721745300}",34,4615.0,0,0,0,"[{'points': 490.0, 'rejectedAttemptCount': 0, 'type': 'FINAL', 'bestSubmissionTimeSeconds': 350}, {'points': 876.0, 'rejectedAttemptCount': 0, 'type': 'FINAL', 'bestSubmissionTimeSeconds': 1885}, {'points': 440.0, 'rejectedAttemptCount': 0, 'type': 'FINAL', 'bestSubmissionTimeSeconds': 1841}, {'points': 1414.0, 'rejectedAttemptCount': 0, 'type': 'FINAL', 'bestSubmissionTimeSeconds': 2881}, {'points': 1395.0, 'rejectedAttemptCount': 0, 'type': 'FINAL', 'bestSubmissionTimeSeconds': 5756}, {'points': 0.0, 'rejectedAttemptCount': 0, 'type': 'FINAL'}, {'points': 0.0, 'rejectedAttemptCount': 0, 'type': 'FINAL'}]"
"{'contestId': 1995, 'participantId': 187395721, 'members': [{'handle': 'YisrT3'}], 'participantType': 'CONTESTANT', 'ghost': False, 'room': 504, 'startTimeSeconds': 1721745300}",35,4587.0,0,0,0,"[{'points': 494.0, 'rejectedAttemptCount': 0, 'type': 'FINAL', 'bestSubmissionTimeSeconds': 182}, {'points': 838.0, 'rejectedAttemptCount': 1, 'type': 'FINAL', 'bestSubmissionTimeSeconds': 1712}, {'points': 442.0, 'rejectedAttemptCount': 0, 'type': 'FINAL', 'bestSubmissionTimeSeconds': 1740}, {'points': 1400.0, 'rejectedAttemptCount': 0, 'type': 'FINAL', 'bestSubmissionTimeSeconds': 3026}, {'points': 1413.0, 'rejectedAttemptCount': 0, 'type': 'FINAL', 'bestSubmissionTimeSeconds': 5638}, {'points': 0.0, 'rejectedAttemptCount': 0, 'type': 'FINAL'}, {'points': 0.0, 'rejectedAttemptCount': 0, 'type': 'FINAL'}]"
"{'contestId': 1995, 'participantId': 186986751, 'members': [{'handle': 'Wxssim'}], 'participantType': 'CONTESTANT', 'ghost': False, 'room': 518, 'startTimeSeconds': 1721745300}",36,4580.0,0,0,0,"[{'points': 488.0, 'rejectedAttemptCount': 0, 'type': 'FINAL', 'bestSubmissionTimeSeconds': 372}, {'points': 952.0, 'rejectedAttemptCount': 0, 'type': 'FINAL', 'bestSubmissionTimeSeconds': 766}, {'points': 438.0, 'rejectedAttemptCount': 0, 'type': 'FINAL', 'bestSubmissionTimeSeconds': 1871}, {'points': 1456.0, 'rejectedAttemptCount': 0, 'type': 'FINAL', 'bestSubmissionTimeSeconds': 2565}, {'points': 1246.0, 'rejectedAttemptCount': 1, 'type': 'FINAL', 'bestSubmissionTimeSeconds': 6398}, {'points': 0.0, 'rejectedAttemptCount': 0, 'type': 'FINAL'}, {'points': 0.0, 'rejectedAttemptCount': 0, 'type': 'FINAL'}]"
"{'contestId': 1995, 'participantId': 187398635, 'members': [{'handle': '4977'}], 'participantType': 'CONTESTANT', 'ghost': False, 'room': 378, 'startTimeSeconds': 1721745300}",37,4570.0,0,0,0,"[{'points': 496.0, 'rejectedAttemptCount': 0, 'type': 'FINAL', 'bestSubmissionTimeSeconds': 127}, {'points': 886.0, 'rejectedAttemptCount': 1, 'type': 'FINAL', 'bestSubmissionTimeSeconds': 986}, {'points': 466.0, 'rejectedAttemptCount': 0, 'type': 'FINAL', 'bestSubmissionTimeSeconds': 1033}, {'points': 1242.0, 'rejectedAttemptCount': 4, 'type': 'FINAL', 'bestSubmissionTimeSeconds': 2651}, {'points': 1480.0, 'rejectedAttemptCount': 1, 'type': 'FINAL', 'bestSubmissionTimeSeconds': 4844}, {'points': 0.0, 'rejectedAttemptCount': 0, 'type': 'FINAL'}, {'points': 0.0, 'rejectedAttemptCount': 0, 'type': 'FINAL'}]"
"{'contestId': 1995, 'participantId': 187387807, 'members': [{'handle': 'slzxpanhongxuan'}], 'participantType': 'CONTESTANT', 'ghost': False, 'room': 176, 'startTimeSeconds': 1721745300}",38,4566.0,0,0,0,"[{'points': 492.0, 'rejectedAttemptCount': 0, 'type': 'FINAL', 'bestSubmissionTimeSeconds': 299}, {'points': 952.0, 'rejectedAttemptCount': 0, 'type': 'FINAL', 'bestSubmissionTimeSeconds': 728}, {'points': 0.0, 'rejectedAttemptCount': 0, 'type': 'FINAL'}, {'points': 1547.0, 'rejectedAttemptCount': 0, 'type': 'FINAL', 'bestSubmissionTimeSeconds': 1761}, {'points': 1575.0, 'rejectedAttemptCount': 0, 'type': 'FINAL', 'bestSubmissionTimeSeconds': 4507}, {'points': 0.0, 'rejectedAttemptCount': 0, 'type': 'FINAL'}, {'points': 0.0, 'rejectedAttemptCount': 0, 'type': 'FINAL'}]"
"{'contestId': 1995, 'participantId': 187404534, 'members': [{'handle': 's-sireneva'}], 'participantType': 'CONTESTANT', 'ghost': False, 'room': 500, 'startTimeSeconds': 1721745300}",39,4565.0,0,0,0,"[{'points': 480.0, 'rejectedAttemptCount': 0, 'type': 'FINAL', 'bestSubmissionTimeSeconds': 645}, {'points': 648.0, 'rejectedAttemptCount': 0, 'type': 'FINAL', 'bestSubmissionTimeSeconds': 5294}, {'points': 280.0, 'rejectedAttemptCount': 1, 'type': 'FINAL', 'bestSubmissionTimeSeconds': 5133}, {'points': 1456.0, 'rejectedAttemptCount': 0, 'type': 'FINAL', 'bestSubmissionTimeSeconds': 2523}, {'points': 1701.0, 'rejectedAttemptCount': 0, 'type': 'FINAL', 'bestSubmissionTimeSeconds': 3677}, {'points': 0.0, 'rejectedAttemptCount': 0, 'type': 'FINAL'}, {'points': 0.0, 'rejectedAttemptCount': 0, 'type': 'FINAL'}]"
"{'contestId': 1995, 'participantId': 187402340, 'members': [{'handle': 'kl0989e'}], 'participantType': 'CONTESTANT', 'ghost': False, 'room': 303, 'startTimeSeconds': 1721745300}",40,4557.0,0,0,0,"[{'points': 496.0, 'rejectedAttemptCount': 0, 'type': 'FINAL', 'bestSubmissionTimeSeconds': 171}, {'points': 916.0, 'rejectedAttemptCount': 0, 'type': 'FINAL', 'bestSubmissionTimeSeconds': 1261}, {'points': 450.0, 'rejectedAttemptCount': 0, 'type': 'FINAL', 'bestSubmissionTimeSeconds': 1511}, {'points': 1323.0, 'rejectedAttemptCount': 0, 'type': 'FINAL', 'bestSubmissionTimeSeconds': 3663}, {'points': 1372.0, 'rejectedAttemptCount': 1, 'type': 'FINAL', 'bestSubmissionTimeSeconds': 5526}, {'points': 0.0, 'rejectedAttemptCount': 0, 'type': 'FINAL'}, {'points': 0.0, 'rejectedAttemptCount': 0, 'type': 'FINAL'}]"
"{'contestId': 1995, 'participantId': 187349021, 'members': [{'handle': 'BrandedSwordsman'}], 'participantType': 'CONTESTANT', 'ghost': False, 'room': 96, 'startTimeSeconds': 1721745300}",41,4547.0,0,0,0,"[{'points': 494.0, 'rejectedAttemptCount': 0, 'type': 'FINAL', 'bestSubmissionTimeSeconds': 199}, {'points': 948.0, 'rejectedAttemptCount': 0, 'type': 'FINAL', 'bestSubmissionTimeSeconds': 825}, {'points': 240.0, 'rejectedAttemptCount': 1, 'type': 'FINAL', 'bestSubmissionTimeSeconds': 6354}, {'points': 1371.0, 'rejectedAttemptCount': 1, 'type': 'FINAL', 'bestSubmissionTimeSeconds': 2855}, {'points': 1494.0, 'rejectedAttemptCount': 0, 'type': 'FINAL', 'bestSubmissionTimeSeconds': 5052}, {'points': 0.0, 'rejectedAttemptCount': 0, 'type': 'FINAL'}, {'points': 0.0, 'rejectedAttemptCount': 0, 'type': 'FINAL'}]"
"{'contestId': 1995, 'participantId': 187286914, 'members': [{'handle': 'xcc_szy0905'}], 'participantType': 'CONTESTANT', 'ghost': False, 'room': 199, 'startTimeSeconds': 1721745300}",41,4547.0,0,0,0,"[{'points': 494.0, 'rejectedAttemptCount': 0, 'type': 'FINAL', 'bestSubmissionTimeSeconds': 220}, {'points': 572.0, 'rejectedAttemptCount': 6, 'type': 'FINAL', 'bestSubmissionTimeSeconds': 1966}, {'points': 426.0, 'rejectedAttemptCount': 0, 'type': 'FINAL', 'bestSubmissionTimeSeconds': 2253}, {'points': 1449.0, 'rejectedAttemptCount': 0, 'type': 'FINAL', 'bestSubmissionTimeSeconds': 2635}, {'points': 1606.0, 'rejectedAttemptCount': 1, 'type': 'FINAL', 'bestSubmissionTimeSeconds': 3986}, {'points': 0.0, 'rejectedAttemptCount': 0, 'type': 'FINAL'}, {'points': 0.0, 'rejectedAttemptCount': 0, 'type': 'FINAL'}]"
"{'contestId': 1995, 'participantId': 187098904, 'members': [{'handle': 'gdgzoi471'}], 'participantType': 'CONTESTANT', 'ghost': False, 'room': 701, 'startTimeSeconds': 1721745300}",43,4516.0,0,0,0,"[{'points': 488.0, 'rejectedAttemptCount': 0, 'type': 'FINAL', 'bestSubmissionTimeSeconds': 366}, {'points': 900.0, 'rejectedAttemptCount': 0, 'type': 'FINAL', 'bestSubmissionTimeSeconds': 1538}, {'points': 326.0, 'rejectedAttemptCount': 2, 'type': 'FINAL', 'bestSubmissionTimeSeconds': 2262}, {'points': 1308.0, 'rejectedAttemptCount': 1, 'type': 'FINAL', 'bestSubmissionTimeSeconds': 3396}, {'points': 1494.0, 'rejectedAttemptCount': 0, 'type': 'FINAL', 'bestSubmissionTimeSeconds': 5048}, {'points': 0.0, 'rejectedAttemptCount': 0, 'type': 'FINAL'}, {'points': 0.0, 'rejectedAttemptCount': 0, 'type': 'FINAL'}]"
"{'contestId': 1995, 'participantId': 187390695, 'members': [{'handle': 'zsombor'}], 'participantType': 'CONTESTANT', 'ghost': False, 'room': 297, 'startTimeSeconds': 1721745300}",44,4491.0,0,0,0,"[{'points': 486.0, 'rejectedAttemptCount': 0, 'type': 'FINAL', 'bestSubmissionTimeSeconds': 463}, {'points': 856.0, 'rejectedAttemptCount': 0, 'type': 'FINAL', 'bestSubmissionTimeSeconds': 2198}, {'points': 444.0, 'rejectedAttemptCount': 0, 'type': 'FINAL', 'bestSubmissionTimeSeconds': 1715}, {'points': 1337.0, 'rejectedAttemptCount': 0, 'type': 'FINAL', 'bestSubmissionTimeSeconds': 3553}, {'points': 1368.0, 'rejectedAttemptCount': 0, 'type': 'FINAL', 'bestSubmissionTimeSeconds': 5884}, {'points': 0.0, 'rejectedAttemptCount': 0, 'type': 'FINAL'}, {'points': 0.0, 'rejectedAttemptCount': 0, 'type': 'FINAL'}]"
"{'contestId': 1995, 'participantId': 187367241, 'members': [{'handle': 'PineaP'}], 'participantType': 'CONTESTANT', 'ghost': False, 'room': 49, 'startTimeSeconds': 1721745300}",45,4487.0,0,0,0,"[{'points': 496.0, 'rejectedAttemptCount': 0, 'type': 'FINAL', 'bestSubmissionTimeSeconds': 159}, {'points': 906.0, 'rejectedAttemptCount': 1, 'type': 'FINAL', 'bestSubmissionTimeSeconds': 671}, {'points': 376.0, 'rejectedAttemptCount': 1, 'type': 'FINAL', 'bestSubmissionTimeSeconds': 2255}, {'points': 1323.0, 'rejectedAttemptCount': 0, 'type': 'FINAL', 'bestSubmissionTimeSeconds': 3664}, {'points': 1386.0, 'rejectedAttemptCount': 0, 'type': 'FINAL', 'bestSubmissionTimeSeconds': 5767}, {'points': 0.0, 'rejectedAttemptCount': 0, 'type': 'FINAL'}, {'points': 0.0, 'rejectedAttemptCount': 0, 'type': 'FINAL'}]"
"{'contestId': 1995, 'participantId': 187376805, 'members': [{'handle': 'hot_zero'}], 'participantType': 'CONTESTANT', 'ghost': False, 'room': 603, 'startTimeSeconds': 1721745300}",46,4482.0,0,0,0,"[{'points': 496.0, 'rejectedAttemptCount': 0, 'type': 'FINAL', 'bestSubmissionTimeSeconds': 125}, {'points': 936.0, 'rejectedAttemptCount': 0, 'type': 'FINAL', 'bestSubmissionTimeSeconds': 985}, {'points': 452.0, 'rejectedAttemptCount': 0, 'type': 'FINAL', 'bestSubmissionTimeSeconds': 1494}, {'points': 1406.0, 'rejectedAttemptCount': 1, 'type': 'FINAL', 'bestSubmissionTimeSeconds': 2568}, {'points': 1192.0, 'rejectedAttemptCount': 1, 'type': 'FINAL', 'bestSubmissionTimeSeconds': 6749}, {'points': 0.0, 'rejectedAttemptCount': 0, 'type': 'FINAL'}, {'points': 0.0, 'rejectedAttemptCount': 0, 'type': 'FINAL'}]"
"{'contestId': 1995, 'participantId': 187361969, 'members': [{'handle': 'volwerine'}], 'participantType': 'CONTESTANT', 'ghost': False, 'room': 250, 'startTimeSeconds': 1721745300}",47,4479.0,0,0,0,"[{'points': 496.0, 'rejectedAttemptCount': 0, 'type': 'FINAL', 'bestSubmissionTimeSeconds': 174}, {'points': 964.0, 'rejectedAttemptCount': 0, 'type': 'FINAL', 'bestSubmissionTimeSeconds': 587}, {'points': 162.0, 'rejectedAttemptCount': 2, 'type': 'FINAL', 'bestSubmissionTimeSeconds': 7154}, {'points': 1399.0, 'rejectedAttemptCount': 1, 'type': 'FINAL', 'bestSubmissionTimeSeconds': 2588}, {'points': 1458.0, 'rejectedAttemptCount': 0, 'type': 'FINAL', 'bestSubmissionTimeSeconds': 5298}, {'points': 0.0, 'rejectedAttemptCount': 0, 'type': 'FINAL'}, {'points': 0.0, 'rejectedAttemptCount': 0, 'type': 'FINAL'}]"
"{'contestId': 1995, 'participantId': 187134318, 'members': [{'handle': '_cly_'}], 'participantType': 'CONTESTANT', 'ghost': False, 'room': 6, 'startTimeSeconds': 1721745300}",48,4473.0,0,0,0,"[{'points': 494.0, 'rejectedAttemptCount': 0, 'type': 'FINAL', 'bestSubmissionTimeSeconds': 228}, {'points': 956.0, 'rejectedAttemptCount': 0, 'type': 'FINAL', 'bestSubmissionTimeSeconds': 673}, {'points': 432.0, 'rejectedAttemptCount': 0, 'type': 'FINAL', 'bestSubmissionTimeSeconds': 2073}, {'points': 1358.0, 'rejectedAttemptCount': 0, 'type': 'FINAL', 'bestSubmissionTimeSeconds': 3404}, {'points': 1233.0, 'rejectedAttemptCount': 0, 'type': 'FINAL', 'bestSubmissionTimeSeconds': 6786}, {'points': 0.0, 'rejectedAttemptCount': 0, 'type': 'FINAL'}, {'points': 0.0, 'rejectedAttemptCount': 0, 'type': 'FINAL'}]"
"{'contestId': 1995, 'participantId': 187016662, 'members': [{'handle': 'lenhanbounofficial'}], 'participantType': 'CONTESTANT', 'ghost': False, 'room': 179, 'startTimeSeconds': 1721745300}",49,4464.0,0,0,0,"[{'points': 494.0, 'rejectedAttemptCount': 0, 'type': 'FINAL', 'bestSubmissionTimeSeconds': 223}, {'points': 952.0, 'rejectedAttemptCount': 0, 'type': 'FINAL', 'bestSubmissionTimeSeconds': 768}, {'points': 450.0, 'rejectedAttemptCount': 0, 'type': 'FINAL', 'bestSubmissionTimeSeconds': 1515}, {'points': 1372.0, 'rejectedAttemptCount': 0, 'type': 'FINAL', 'bestSubmissionTimeSeconds': 3278}, {'points': 1196.0, 'rejectedAttemptCount': 2, 'type': 'FINAL', 'bestSubmissionTimeSeconds': 6415}, {'points': 0.0, 'rejectedAttemptCount': 0, 'type': 'FINAL'}, {'points': 0.0, 'rejectedAttemptCount': 0, 'type': 'FINAL'}]"
"{'contestId': 1995, 'participantId': 187402457, 'members': [{'handle': 'CPFED'}], 'participantType': 'CONTESTANT', 'ghost': False, 'room': 455, 'startTimeSeconds': 1721745300}",50,4452.0,0,0,0,"[{'points': 496.0, 'rejectedAttemptCount': 0, 'type': 'FINAL', 'bestSubmissionTimeSeconds': 177}, {'points': 798.0, 'rejectedAttemptCount': 1, 'type': 'FINAL', 'bestSubmissionTimeSeconds': 2280}, {'points': 376.0, 'rejectedAttemptCount': 1, 'type': 'FINAL', 'bestSubmissionTimeSeconds': 2247}, {'points': 1252.0, 'rejectedAttemptCount': 1, 'type': 'FINAL', 'bestSubmissionTimeSeconds': 3869}, {'points': 1530.0, 'rejectedAttemptCount': 0, 'type': 'FINAL', 'bestSubmissionTimeSeconds': 4858}, {'points': 0.0, 'rejectedAttemptCount': 0, 'type': 'FINAL'}, {'points': 0.0, 'rejectedAttemptCount': 0, 'type': 'FINAL'}]"
