handle,old_rating,new_rating,change,rank,contest_id,contest_name
tourist,3947,4009,62,1,2006,Codeforces Round 969 (Div. 1)
jiangly,3734,3773,39,2,2006,Codeforces Round 969 (Div. 1)
ecnerwala,3581,3624,43,3,2006,Codeforces Round 969 (Div. 1)
Radewoosh,3646,3646,0,4,2006,Codeforces Round 969 (Div. 1)
Kevin114514,3113,3228,115,5,2006,Codeforces Round 969 (Div. 1)
Um_nik,3354,3396,42,6,2006,Codeforces Round 969 (Div. 1)
strapple,2942,3074,132,7,2006,Codeforces Round 969 (Div. 1)
StarSilk,3033,3132,99,8,2006,Codeforces Round 969 (Div. 1)
LJC00118,3264,3297,33,9,2006,Codeforces Round 969 (Div. 1)
Kapt,2974,3072,98,10,2006,Codeforces Round 969 (Div. 1)
maspy,3127,3180,53,11,2006,Codeforces Round 969 (Div. 1)
Sugar_fan,2914,3014,100,12,2006,Codeforces Round 969 (Div. 1)
turmax,3210,3230,20,13,2006,Codeforces Round 969 (Div. 1)
noimi,3016,3079,63,14,2006,Codeforces Round 969 (Div. 1)
le0n,2788,2905,117,15,2006,Codeforces Round 969 (Div. 1)
wzc_IOI_czw,2350,2586,236,16,2006,Codeforces Round 969 (Div. 1)
Flamire,2961,3024,63,17,2006,Codeforces Round 969 (Div. 1)
Licha06,2778,2885,107,18,2006,Codeforces Round 969 (Div. 1)
peti1234,3006,3050,44,19,2006,Codeforces Round 969 (Div. 1)
dog_of_Nesraychan,2794,2889,95,20,2006,Codeforces Round 969 (Div. 1)
liuhengxi,3009,3045,36,21,2006,Codeforces Round 969 (Div. 1)
grass9cow,2548,2703,155,22,2006,Codeforces Round 969 (Div. 1)
ainta,2781,2870,89,23,2006,Codeforces Round 969 (Div. 1)
red-stone,2268,2499,231,24,2006,Codeforces Round 969 (Div. 1)
EnofTaiPeople,2606,2735,129,25,2006,Codeforces Round 969 (Div. 1)
cmk666,2860,2919,59,26,2006,Codeforces Round 969 (Div. 1)
tute7627,2912,2955,43,27,2006,Codeforces Round 969 (Div. 1)
fengqiyuka,2683,2783,100,28,2006,Codeforces Round 969 (Div. 1)
Ormlis,3192,3159,-33,29,2006,Codeforces Round 969 (Div. 1)
Z-301,2551,2682,131,30,2006,Codeforces Round 969 (Div. 1)
Dominater069,2754,2828,74,31,2006,Codeforces Round 969 (Div. 1)
allvik66,2935,2960,25,32,2006,Codeforces Round 969 (Div. 1)
kotatsugame,2947,2967,20,33,2006,Codeforces Round 969 (Div. 1)
JoesSR,2862,2901,39,34,2006,Codeforces Round 969 (Div. 1)
dorijanlendvaj,3021,3018,-3,35,2006,Codeforces Round 969 (Div. 1)
ksun48,3479,3356,-123,36,2006,Codeforces Round 969 (Div. 1)
maroonrk,3220,3163,-57,37,2006,Codeforces Round 969 (Div. 1)
jeroenodb,2763,2820,57,38,2006,Codeforces Round 969 (Div. 1)
Karuna,2864,2893,29,39,2006,Codeforces Round 969 (Div. 1)
Rubikun,2872,2897,25,40,2006,Codeforces Round 969 (Div. 1)
peltorator,2755,2808,53,41,2006,Codeforces Round 969 (Div. 1)
dl720125,2865,2888,23,42,2006,Codeforces Round 969 (Div. 1)
dlalswp25,2848,2874,26,43,2006,Codeforces Round 969 (Div. 1)
potatoo,2361,2517,156,44,2006,Codeforces Round 969 (Div. 1)
physics0523,2732,2785,53,45,2006,Codeforces Round 969 (Div. 1)
BurnedChicken,3204,3135,-69,46,2006,Codeforces Round 969 (Div. 1)
NetSpeed1,2606,2688,82,47,2006,Codeforces Round 969 (Div. 1)
amongussssiuuu,2597,2680,83,48,2006,Codeforces Round 969 (Div. 1)
Fysty,2526,2627,101,49,2006,Codeforces Round 969 (Div. 1)
Otomachi_Una,2665,2727,62,50,2006,Codeforces Round 969 (Div. 1)
ugly2333,3221,3141,-80,51,2006,Codeforces Round 969 (Div. 1)
YocyCraft,2618,2690,72,52,2006,Codeforces Round 969 (Div. 1)
jiangbowen,2762,2795,33,53,2006,Codeforces Round 969 (Div. 1)
TLEwpdus,2956,2938,-18,54,2006,Codeforces Round 969 (Div. 1)
potato167,2952,2934,-18,55,2006,Codeforces Round 969 (Div. 1)
Fido_Puppy,2722,2761,39,56,2006,Codeforces Round 969 (Div. 1)
StarVeil,2378,2509,131,57,2006,Codeforces Round 969 (Div. 1)
lexiyvv,2674,2723,49,58,2006,Codeforces Round 969 (Div. 1)
jinqihao2026,2573,2647,74,59,2006,Codeforces Round 969 (Div. 1)
kizen,2607,2671,64,60,2006,Codeforces Round 969 (Div. 1)
xuanxuan001,2734,2763,29,61,2006,Codeforces Round 969 (Div. 1)
Isoeasy,2614,2673,59,62,2006,Codeforces Round 969 (Div. 1)
Merripium,2612,2670,58,63,2006,Codeforces Round 969 (Div. 1)
kmjp,2469,2565,96,63,2006,Codeforces Round 969 (Div. 1)
sevlll777,2393,2509,116,65,2006,Codeforces Round 969 (Div. 1)
ParsaDox,2474,2566,92,66,2006,Codeforces Round 969 (Div. 1)
zjy2008,2791,2799,8,67,2006,Codeforces Round 969 (Div. 1)
_l_l_,2434,2535,101,68,2006,Codeforces Round 969 (Div. 1)
cxm1024,2770,2781,11,69,2006,Codeforces Round 969 (Div. 1)
__builtin_gjr,2558,2623,65,70,2006,Codeforces Round 969 (Div. 1)
leinad2,2400,2507,107,71,2006,Codeforces Round 969 (Div. 1)
Qzarv,2140,2360,220,72,2006,Codeforces Round 969 (Div. 1)
fallleaves01,2766,2774,8,73,2006,Codeforces Round 969 (Div. 1)
neal,2978,2931,-47,74,2006,Codeforces Round 969 (Div. 1)
Ronnie007,2557,2617,60,74,2006,Codeforces Round 969 (Div. 1)
KroosTheKeenGlint,2541,2604,63,76,2006,Codeforces Round 969 (Div. 1)
hos.lyric,3187,3086,-101,77,2006,Codeforces Round 969 (Div. 1)
Sorting,2592,2640,48,78,2006,Codeforces Round 969 (Div. 1)
lxlxl,2446,2532,86,79,2006,Codeforces Round 969 (Div. 1)
MridulAhi,2313,2436,123,80,2006,Codeforces Round 969 (Div. 1)
ganeid,2562,2614,52,81,2006,Codeforces Round 969 (Div. 1)
gyydp123_LIM,2007,2278,271,81,2006,Codeforces Round 969 (Div. 1)
_lbw_,2623,2658,35,83,2006,Codeforces Round 969 (Div. 1)
chenjy2021,2187,2346,159,84,2006,Codeforces Round 969 (Div. 1)
Forested,2854,2829,-25,85,2006,Codeforces Round 969 (Div. 1)
Puranya,2483,2552,69,86,2006,Codeforces Round 969 (Div. 1)
AmirAli-Asgari,2627,2657,30,87,2006,Codeforces Round 969 (Div. 1)
fuppy,2560,2607,47,88,2006,Codeforces Round 969 (Div. 1)
BEAR0131,2695,2706,11,89,2006,Codeforces Round 969 (Div. 1)
Arturgo,2428,2509,81,90,2006,Codeforces Round 969 (Div. 1)
ORzyzRO,2347,2450,103,91,2006,Codeforces Round 969 (Div. 1)
natsugiri,2630,2655,25,92,2006,Codeforces Round 969 (Div. 1)
risujiroh,2691,2700,9,93,2006,Codeforces Round 969 (Div. 1)
pandaforever,2506,2562,56,94,2006,Codeforces Round 969 (Div. 1)
AliShahali1382,2579,2615,36,95,2006,Codeforces Round 969 (Div. 1)
chinerist,2595,2626,31,96,2006,Codeforces Round 969 (Div. 1)
EJIC_B_KEDAX,2512,2564,52,97,2006,Codeforces Round 969 (Div. 1)
fastmath,2573,2608,35,98,2006,Codeforces Round 969 (Div. 1)
Bobby7000,2474,2535,61,99,2006,Codeforces Round 969 (Div. 1)
leukocyte,2507,2558,51,100,2006,Codeforces Round 969 (Div. 1)
superguymj,2674,2681,7,101,2006,Codeforces Round 969 (Div. 1)
yutabi,2455,2518,63,102,2006,Codeforces Round 969 (Div. 1)
mtsd,2556,2592,36,103,2006,Codeforces Round 969 (Div. 1)
noya2,2590,2616,26,104,2006,Codeforces Round 969 (Div. 1)
Endagorion,2890,2840,-50,105,2006,Codeforces Round 969 (Div. 1)
flashmt,2306,2408,102,106,2006,Codeforces Round 969 (Div. 1)
zltzlt,2482,2534,52,107,2006,Codeforces Round 969 (Div. 1)
HaramuraNodoka,2665,2669,4,108,2006,Codeforces Round 969 (Div. 1)
Egg_eating_master,2024,2218,194,109,2006,Codeforces Round 969 (Div. 1)
asgcd,2358,2442,84,109,2006,Codeforces Round 969 (Div. 1)
Swistakk,2991,2912,-79,111,2006,Codeforces Round 969 (Div. 1)
Everule,2461,2515,54,112,2006,Codeforces Round 969 (Div. 1)
Kude,2631,2640,9,113,2006,Codeforces Round 969 (Div. 1)
syx2567,2514,2553,39,114,2006,Codeforces Round 969 (Div. 1)
lamduybao03,2354,2436,82,115,2006,Codeforces Round 969 (Div. 1)
PinkieRabbit,2708,2695,-13,116,2006,Codeforces Round 969 (Div. 1)
0wuming0,2646,2648,2,117,2006,Codeforces Round 969 (Div. 1)
_acsm_,2187,2351,164,118,2006,Codeforces Round 969 (Div. 1)
zeliboba,2511,2547,36,119,2006,Codeforces Round 969 (Div. 1)
oleh1421,2838,2791,-47,120,2006,Codeforces Round 969 (Div. 1)
jason_sun,2436,2491,55,121,2006,Codeforces Round 969 (Div. 1)
crazy_sea,3065,2961,-104,122,2006,Codeforces Round 969 (Div. 1)
79brue,2247,2355,108,123,2006,Codeforces Round 969 (Div. 1)
qwef_,2409,2469,60,124,2006,Codeforces Round 969 (Div. 1)
orz,2721,2700,-21,125,2006,Codeforces Round 969 (Div. 1)
feeder1,2532,2558,26,126,2006,Codeforces Round 969 (Div. 1)
wutongchun,2492,2528,36,127,2006,Codeforces Round 969 (Div. 1)
rniya,2568,2583,15,128,2006,Codeforces Round 969 (Div. 1)
okwedook,2229,2338,109,129,2006,Codeforces Round 969 (Div. 1)
nishkarsh,2393,2454,61,130,2006,Codeforces Round 969 (Div. 1)
Andycipation,2265,2362,97,131,2006,Codeforces Round 969 (Div. 1)
Kite_kuma,2493,2525,32,132,2006,Codeforces Round 969 (Div. 1)
ZzzzRKkkkkRrrrr,2213,2325,112,133,2006,Codeforces Round 969 (Div. 1)
Halzion,2615,2615,0,134,2006,Codeforces Round 969 (Div. 1)
popescuadrian,2339,2412,73,135,2006,Codeforces Round 969 (Div. 1)
CodeFurces,2544,2561,17,136,2006,Codeforces Round 969 (Div. 1)
InkyFlameMaster,2231,2335,104,137,2006,Codeforces Round 969 (Div. 1)
Guoyh,2448,2489,41,138,2006,Codeforces Round 969 (Div. 1)
tranquility,2278,2366,88,139,2006,Codeforces Round 969 (Div. 1)
Enchom,2515,2537,22,140,2006,Codeforces Round 969 (Div. 1)
Az3ar,2582,2586,4,141,2006,Codeforces Round 969 (Div. 1)
lmcutezzz,2509,2531,22,142,2006,Codeforces Round 969 (Div. 1)
Onjo,2508,2530,22,143,2006,Codeforces Round 969 (Div. 1)
LeoPro,2843,2781,-62,144,2006,Codeforces Round 969 (Div. 1)
mhy908,2397,2448,51,145,2006,Codeforces Round 969 (Div. 1)
SongC,2455,2489,34,146,2006,Codeforces Round 969 (Div. 1)
Tikhon228,2444,2481,37,147,2006,Codeforces Round 969 (Div. 1)
Xylenox,2803,2748,-55,148,2006,Codeforces Round 969 (Div. 1)
Cantabile,2179,2346,167,148,2006,Codeforces Round 969 (Div. 1)
hzr,2821,2761,-60,150,2006,Codeforces Round 969 (Div. 1)
dongyc666,2145,2268,123,151,2006,Codeforces Round 969 (Div. 1)
zwezdinv,2453,2485,32,152,2006,Codeforces Round 969 (Div. 1)
taiwanguo,2187,2295,108,153,2006,Codeforces Round 969 (Div. 1)
dspr_,2300,2373,73,154,2006,Codeforces Round 969 (Div. 1)
Antiamuny,2427,2464,37,155,2006,Codeforces Round 969 (Div. 1)
alexxela12345,2739,2696,-43,156,2006,Codeforces Round 969 (Div. 1)
anmichi,2407,2448,41,157,2006,Codeforces Round 969 (Div. 1)
caubetraidatmarvin,2843,2774,-69,157,2006,Codeforces Round 969 (Div. 1)
amano_hina,2384,2430,46,159,2006,Codeforces Round 969 (Div. 1)
Nyaan,2781,2726,-55,160,2006,Codeforces Round 969 (Div. 1)
Tlatoani,2846,2775,-71,161,2006,Codeforces Round 969 (Div. 1)
tabr,2731,2687,-44,162,2006,Codeforces Round 969 (Div. 1)
TKT_YI,2696,2661,-35,163,2006,Codeforces Round 969 (Div. 1)
tfg,2470,2491,21,164,2006,Codeforces Round 969 (Div. 1)
Mangooste,2694,2658,-36,165,2006,Codeforces Round 969 (Div. 1)
siganai,2583,2574,-9,166,2006,Codeforces Round 969 (Div. 1)
RDDCCD,2804,2740,-64,167,2006,Codeforces Round 969 (Div. 1)
Wayne_Yan,2256,2334,78,168,2006,Codeforces Round 969 (Div. 1)
ErrrrrrrayReis37,2461,2482,21,169,2006,Codeforces Round 969 (Div. 1)
thecold,2362,2409,47,170,2006,Codeforces Round 969 (Div. 1)
k1sara,2265,2339,74,171,2006,Codeforces Round 969 (Div. 1)
tiger2005,2496,2506,10,172,2006,Codeforces Round 969 (Div. 1)
pavement,2565,2557,-8,173,2006,Codeforces Round 969 (Div. 1)
k1r1t0,2525,2527,2,174,2006,Codeforces Round 969 (Div. 1)
OIer_kzc,2577,2565,-12,175,2006,Codeforces Round 969 (Div. 1)
aryanc403,2312,2370,58,176,2006,Codeforces Round 969 (Div. 1)
jerry3128,2133,2245,112,177,2006,Codeforces Round 969 (Div. 1)
Markadiusz,2348,2395,47,178,2006,Codeforces Round 969 (Div. 1)
EasonTAO,2628,2602,-26,179,2006,Codeforces Round 969 (Div. 1)
Ichikawa_Tobacco,2427,2452,25,180,2006,Codeforces Round 969 (Div. 1)
ProjectCF,2608,2586,-22,181,2006,Codeforces Round 969 (Div. 1)
shiomusubi496,2869,2783,-86,182,2006,Codeforces Round 969 (Div. 1)
zdc123456,2458,2473,15,183,2006,Codeforces Round 969 (Div. 1)
EXODUS_cn,2052,2189,137,184,2006,Codeforces Round 969 (Div. 1)
stasio6,2354,2396,42,185,2006,Codeforces Round 969 (Div. 1)
kostylevGO,2414,2439,25,186,2006,Codeforces Round 969 (Div. 1)
marvinthang,2499,2502,3,186,2006,Codeforces Round 969 (Div. 1)
afuafu,2435,2454,19,188,2006,Codeforces Round 969 (Div. 1)
US3RN4M3,2201,2286,85,189,2006,Codeforces Round 969 (Div. 1)
ivan.alexeev,2277,2338,61,190,2006,Codeforces Round 969 (Div. 1)
furry,2921,2818,-103,191,2006,Codeforces Round 969 (Div. 1)
Andy_Lin,2296,2351,55,191,2006,Codeforces Round 969 (Div. 1)
bronze_coder,2404,2429,25,193,2006,Codeforces Round 969 (Div. 1)
Suwan,2273,2334,61,194,2006,Codeforces Round 969 (Div. 1)
Faruzan,2635,2600,-35,195,2006,Codeforces Round 969 (Div. 1)
Dawnq,2446,2458,12,195,2006,Codeforces Round 969 (Div. 1)
zhaohaikun,2529,2520,-9,197,2006,Codeforces Round 969 (Div. 1)
Yuuuuuuuuuuuuuuuuu,2553,2537,-16,198,2006,Codeforces Round 969 (Div. 1)
McPqndq,2255,2319,64,198,2006,Codeforces Round 969 (Div. 1)
OIerGegu1019,2133,2234,101,200,2006,Codeforces Round 969 (Div. 1)
lyx123886a123886,2260,2321,61,201,2006,Codeforces Round 969 (Div. 1)
HHY_zZhu,2406,2426,20,202,2006,Codeforces Round 969 (Div. 1)
kaIimm,2331,2371,40,203,2006,Codeforces Round 969 (Div. 1)
0xF1,2107,2215,108,204,2006,Codeforces Round 969 (Div. 1)
dapingguo8,2080,2196,116,205,2006,Codeforces Round 969 (Div. 1)
yeminghan,2427,2440,13,205,2006,Codeforces Round 969 (Div. 1)
talant,2613,2579,-34,207,2006,Codeforces Round 969 (Div. 1)
uwu,2622,2585,-37,208,2006,Codeforces Round 969 (Div. 1)
Carpenters_Cat,2210,2282,72,209,2006,Codeforces Round 969 (Div. 1)
amsraman,2289,2338,49,209,2006,Codeforces Round 969 (Div. 1)
gj83zo4,2418,2431,13,211,2006,Codeforces Round 969 (Div. 1)
se1ka2,2584,2555,-29,211,2006,Codeforces Round 969 (Div. 1)
luna-,2153,2242,89,213,2006,Codeforces Round 969 (Div. 1)
Waldi,2351,2381,30,214,2006,Codeforces Round 969 (Div. 1)
kevin,2301,2344,43,215,2006,Codeforces Round 969 (Div. 1)
emthrm,2460,2461,1,215,2006,Codeforces Round 969 (Div. 1)
ZYPRESSEN,2375,2397,22,217,2006,Codeforces Round 969 (Div. 1)
toam,2484,2478,-6,217,2006,Codeforces Round 969 (Div. 1)
barbie,2198,2270,72,219,2006,Codeforces Round 969 (Div. 1)
adam01,2308,2348,40,220,2006,Codeforces Round 969 (Div. 1)
Galetx,2316,2353,37,221,2006,Codeforces Round 969 (Div. 1)
Hyperbolic,2470,2466,-4,222,2006,Codeforces Round 969 (Div. 1)
Andwerp,2182,2257,75,223,2006,Codeforces Round 969 (Div. 1)
Dorost,2500,2487,-13,224,2006,Codeforces Round 969 (Div. 1)
LKY928261,2331,2362,31,225,2006,Codeforces Round 969 (Div. 1)
Unlimited_zero,2203,2270,67,226,2006,Codeforces Round 969 (Div. 1)
katyaporay,2442,2443,1,226,2006,Codeforces Round 969 (Div. 1)
Redpo,2210,2275,65,226,2006,Codeforces Round 969 (Div. 1)
gloria_mundi,2540,2516,-24,229,2006,Codeforces Round 969 (Div. 1)
FantasyNumber,2177,2251,74,230,2006,Codeforces Round 969 (Div. 1)
Ch.II,2169,2245,76,230,2006,Codeforces Round 969 (Div. 1)
JorimJang,2107,2203,96,232,2006,Codeforces Round 969 (Div. 1)
Noble_Mushtak,2369,2387,18,233,2006,Codeforces Round 969 (Div. 1)
shobonvip,2437,2437,0,234,2006,Codeforces Round 969 (Div. 1)
mychecksdead,2121,2211,90,235,2006,Codeforces Round 969 (Div. 1)
rgnerdplayer,2273,2316,43,236,2006,Codeforces Round 969 (Div. 1)
whdywjd,2220,2278,58,237,2006,Codeforces Round 969 (Div. 1)
qwq123,2377,2391,14,238,2006,Codeforces Round 969 (Div. 1)
Teja-Smart,2299,2334,35,239,2006,Codeforces Round 969 (Div. 1)
fmota,2675,2614,-61,240,2006,Codeforces Round 969 (Div. 1)
zhenghanyun,2162,2236,74,241,2006,Codeforces Round 969 (Div. 1)
karinohito,2431,2429,-2,242,2006,Codeforces Round 969 (Div. 1)
ssk4988,2276,2315,39,243,2006,Codeforces Round 969 (Div. 1)
0x0002,2186,2252,66,243,2006,Codeforces Round 969 (Div. 1)
Virv,2357,2374,17,245,2006,Codeforces Round 969 (Div. 1)
propane,2415,2416,1,246,2006,Codeforces Round 969 (Div. 1)
hamo21,2002,2128,126,247,2006,Codeforces Round 969 (Div. 1)
sg78276397,2169,2238,69,248,2006,Codeforces Round 969 (Div. 1)
waipoli,2306,2335,29,249,2006,Codeforces Round 969 (Div. 1)
newbie114514,2181,2246,65,250,2006,Codeforces Round 969 (Div. 1)
xx_mmc,2100,2190,90,251,2006,Codeforces Round 969 (Div. 1)
swoswoswo,2223,2310,87,251,2006,Codeforces Round 969 (Div. 1)
otoshigo,2239,2285,46,253,2006,Codeforces Round 969 (Div. 1)
fishcathu.,2159,2229,70,254,2006,Codeforces Round 969 (Div. 1)
Sofapuden,2440,2432,-8,255,2006,Codeforces Round 969 (Div. 1)
fft_ntt,2162,2265,103,256,2006,Codeforces Round 969 (Div. 1)
Su_Zipei,2248,2290,42,257,2006,Codeforces Round 969 (Div. 1)
oscar1f,2274,2309,35,257,2006,Codeforces Round 969 (Div. 1)
Celebrate,2125,2204,79,259,2006,Codeforces Round 969 (Div. 1)
Wobert,2202,2257,55,259,2006,Codeforces Round 969 (Div. 1)
MateoCV,2375,2381,6,261,2006,Codeforces Round 969 (Div. 1)
rin204,2878,2762,-116,262,2006,Codeforces Round 969 (Div. 1)
.I.,2213,2263,50,263,2006,Codeforces Round 969 (Div. 1)
iakovlev.zakhar,2539,2503,-36,263,2006,Codeforces Round 969 (Div. 1)
FelixMP,2075,2168,93,265,2006,Codeforces Round 969 (Div. 1)
leihonglongyin,2300,2325,25,265,2006,Codeforces Round 969 (Div. 1)
lnsuyn,2306,2329,23,267,2006,Codeforces Round 969 (Div. 1)
chenrui9551,2144,2214,70,268,2006,Codeforces Round 969 (Div. 1)
thembululquaUwU,2269,2337,68,269,2006,Codeforces Round 969 (Div. 1)
limanjun,2353,2362,9,270,2006,Codeforces Round 969 (Div. 1)
nitram,2114,2192,78,271,2006,Codeforces Round 969 (Div. 1)
Anonyme,2206,2255,49,272,2006,Codeforces Round 969 (Div. 1)
anpaio,2294,2318,24,272,2006,Codeforces Round 969 (Div. 1)
unordered_map,2018,2127,109,274,2006,Codeforces Round 969 (Div. 1)
RecursiveCo,2248,2284,36,275,2006,Codeforces Round 969 (Div. 1)
ikrpprppp,2339,2350,11,276,2006,Codeforces Round 969 (Div. 1)
Leo_wang,2147,2212,65,277,2006,Codeforces Round 969 (Div. 1)
Temmie,2285,2310,25,278,2006,Codeforces Round 969 (Div. 1)
timreizin,2170,2228,58,279,2006,Codeforces Round 969 (Div. 1)
Serendipity__,2228,2268,40,280,2006,Codeforces Round 969 (Div. 1)
CaoJinCheng,2102,2180,78,281,2006,Codeforces Round 969 (Div. 1)
sunkuangzheng,2216,2259,43,282,2006,Codeforces Round 969 (Div. 1)
Xellos,2444,2425,-19,283,2006,Codeforces Round 969 (Div. 1)
pooty,2454,2433,-21,284,2006,Codeforces Round 969 (Div. 1)
ZN-ACE,1913,2057,144,284,2006,Codeforces Round 969 (Div. 1)
AdhityaMangudy,2230,2267,37,284,2006,Codeforces Round 969 (Div. 1)
SadMachine,2185,2235,50,287,2006,Codeforces Round 969 (Div. 1)
Arterm,2584,2530,-54,288,2006,Codeforces Round 969 (Div. 1)
Darko1,2187,2236,49,288,2006,Codeforces Round 969 (Div. 1)
bunH2O,2244,2275,31,290,2006,Codeforces Round 969 (Div. 1)
kotamanegi,2233,2268,35,290,2006,Codeforces Round 969 (Div. 1)
tem_shett,2221,2259,38,290,2006,Codeforces Round 969 (Div. 1)
chenjunxiu,2174,2225,51,293,2006,Codeforces Round 969 (Div. 1)
-2e11,2149,2208,59,294,2006,Codeforces Round 969 (Div. 1)
Drakkon,2145,2204,59,295,2006,Codeforces Round 969 (Div. 1)
chernega,2244,2274,30,295,2006,Codeforces Round 969 (Div. 1)
fyable,2452,2427,-25,297,2006,Codeforces Round 969 (Div. 1)
tas6,2017,2169,152,297,2006,Codeforces Round 969 (Div. 1)
imjqaq,2175,2260,85,297,2006,Codeforces Round 969 (Div. 1)
PetelgeuseRomaneeconti,2749,2652,-97,300,2006,Codeforces Round 969 (Div. 1)
sstrong,2580,2523,-57,301,2006,Codeforces Round 969 (Div. 1)
Raiden,2103,2173,70,301,2006,Codeforces Round 969 (Div. 1)
Grisses,2188,2232,44,303,2006,Codeforces Round 969 (Div. 1)
08kevin,2200,2240,40,304,2006,Codeforces Round 969 (Div. 1)
Math_rad_round,2161,2212,51,305,2006,Codeforces Round 969 (Div. 1)
ValenciaTravis,2276,2294,18,306,2006,Codeforces Round 969 (Div. 1)
oursaco,2151,2204,53,307,2006,Codeforces Round 969 (Div. 1)
Vladithur,2415,2396,-19,307,2006,Codeforces Round 969 (Div. 1)
Koba.rde,2180,2224,44,309,2006,Codeforces Round 969 (Div. 1)
Nahian9696,2068,2147,79,310,2006,Codeforces Round 969 (Div. 1)
_LeMur_,2192,2232,40,311,2006,Codeforces Round 969 (Div. 1)
FHVirus,2109,2174,65,311,2006,Codeforces Round 969 (Div. 1)
dsolunov,2101,2168,67,313,2006,Codeforces Round 969 (Div. 1)
HpSuda,2418,2397,-21,313,2006,Codeforces Round 969 (Div. 1)
maximrufed,2145,2198,53,315,2006,Codeforces Round 969 (Div. 1)
Valaki2,2252,2274,22,316,2006,Codeforces Round 969 (Div. 1)
Ann,2121,2180,59,317,2006,Codeforces Round 969 (Div. 1)
Little_Xi_,2091,2160,69,317,2006,Codeforces Round 969 (Div. 1)
Heibor,2190,2228,38,319,2006,Codeforces Round 969 (Div. 1)
francesco,2195,2231,36,320,2006,Codeforces Round 969 (Div. 1)
dkhve,2134,2188,54,321,2006,Codeforces Round 969 (Div. 1)
shinchankosen,2250,2270,20,322,2006,Codeforces Round 969 (Div. 1)
MonotonicQueue,1985,2088,103,323,2006,Codeforces Round 969 (Div. 1)
YuJiahe,2335,2332,-3,324,2006,Codeforces Round 969 (Div. 1)
Augenstern,2241,2263,22,325,2006,Codeforces Round 969 (Div. 1)
zas111lll,2308,2311,3,325,2006,Codeforces Round 969 (Div. 1)
Joler_,2107,2168,61,327,2006,Codeforces Round 969 (Div. 1)
Mou-HuangZhong,2130,2183,53,328,2006,Codeforces Round 969 (Div. 1)
qingbaiqwq,2127,2181,54,329,2006,Codeforces Round 969 (Div. 1)
RED_INSIDE,2313,2314,1,329,2006,Codeforces Round 969 (Div. 1)
sammyuri,2236,2257,21,331,2006,Codeforces Round 969 (Div. 1)
HuangXiaoyun,2053,2130,77,332,2006,Codeforces Round 969 (Div. 1)
KevinLikesCoding,2170,2210,40,333,2006,Codeforces Round 969 (Div. 1)
Be_dos,2474,2434,-40,334,2006,Codeforces Round 969 (Div. 1)
VladaMG98,2310,2310,0,334,2006,Codeforces Round 969 (Div. 1)
JueFan,2260,2273,13,336,2006,Codeforces Round 969 (Div. 1)
Gabp,2193,2224,31,337,2006,Codeforces Round 969 (Div. 1)
KumaTachiRen,2335,2328,-7,337,2006,Codeforces Round 969 (Div. 1)
24_ecf_Fe,2275,2283,8,339,2006,Codeforces Round 969 (Div. 1)
HollwoQ_Pelw,2456,2419,-37,340,2006,Codeforces Round 969 (Div. 1)
nifeshe,2162,2202,40,341,2006,Codeforces Round 969 (Div. 1)
PvPro,2225,2246,21,342,2006,Codeforces Round 969 (Div. 1)
Alice_Cartelet,2019,2103,84,343,2006,Codeforces Round 969 (Div. 1)
culver0412,2392,2369,-23,343,2006,Codeforces Round 969 (Div. 1)
khuepr123,2379,2359,-20,343,2006,Codeforces Round 969 (Div. 1)
JavaInTheSouth,2211,2235,24,346,2006,Codeforces Round 969 (Div. 1)
evenvalue,2236,2253,17,347,2006,Codeforces Round 969 (Div. 1)
Survivor_winner,2238,2254,16,348,2006,Codeforces Round 969 (Div. 1)
TimeLimitExceed,2334,2324,-10,349,2006,Codeforces Round 969 (Div. 1)
Link_Cut_qwq,2177,2209,32,350,2006,Codeforces Round 969 (Div. 1)
ciuim,2211,2233,22,351,2006,Codeforces Round 969 (Div. 1)
GOTKAKO,2313,2308,-5,351,2006,Codeforces Round 969 (Div. 1)
AlinLoh420,2356,2339,-17,353,2006,Codeforces Round 969 (Div. 1)
Giga_Cronos,2300,2298,-2,353,2006,Codeforces Round 969 (Div. 1)
gsh,2232,2248,16,355,2006,Codeforces Round 969 (Div. 1)
Wansur,2270,2275,5,356,2006,Codeforces Round 969 (Div. 1)
lzoilxy,2175,2206,31,356,2006,Codeforces Round 969 (Div. 1)
ub33,2287,2286,-1,358,2006,Codeforces Round 969 (Div. 1)
InternetPerson10,2397,2369,-28,358,2006,Codeforces Round 969 (Div. 1)
dongyinjie001,2246,2256,10,358,2006,Codeforces Round 969 (Div. 1)
Jimanbanashi,2218,2236,18,358,2006,Codeforces Round 969 (Div. 1)
Yurushia,2405,2374,-31,362,2006,Codeforces Round 969 (Div. 1)
MathGuy1729,1997,2083,86,362,2006,Codeforces Round 969 (Div. 1)
Petroleumus,2144,2182,38,364,2006,Codeforces Round 969 (Div. 1)
Eraine,2372,2349,-23,365,2006,Codeforces Round 969 (Div. 1)
sharaelong,2387,2360,-27,366,2006,Codeforces Round 969 (Div. 1)
kingmessi,2118,2163,45,367,2006,Codeforces Round 969 (Div. 1)
luckyzfy,2137,2176,39,368,2006,Codeforces Round 969 (Div. 1)
RNS_KSR,2540,2475,-65,368,2006,Codeforces Round 969 (Div. 1)
tassei903,2163,2194,31,370,2006,Codeforces Round 969 (Div. 1)
al3xstr33t,2527,2465,-62,371,2006,Codeforces Round 969 (Div. 1)
askd,2313,2302,-11,372,2006,Codeforces Round 969 (Div. 1)
bribritt,2455,2410,-45,373,2006,Codeforces Round 969 (Div. 1)
operator_,2262,2264,2,374,2006,Codeforces Round 969 (Div. 1)
Farmer_D,2251,2256,5,375,2006,Codeforces Round 969 (Div. 1)
NickMish,2128,2167,39,375,2006,Codeforces Round 969 (Div. 1)
Gassa,2407,2372,-35,377,2006,Codeforces Round 969 (Div. 1)
Silver_Fox,2084,2136,52,377,2006,Codeforces Round 969 (Div. 1)
lllei,1982,2068,86,377,2006,Codeforces Round 969 (Div. 1)
_FCY_,1969,2059,90,380,2006,Codeforces Round 969 (Div. 1)
2514631360a,2047,2110,63,381,2006,Codeforces Round 969 (Div. 1)
cockatooo_2025GM,2223,2233,10,381,2006,Codeforces Round 969 (Div. 1)
cz_yxx,2243,2247,4,383,2006,Codeforces Round 969 (Div. 1)
Flandre,2315,2301,-14,383,2006,Codeforces Round 969 (Div. 1)
BreakPlus,2343,2322,-21,383,2006,Codeforces Round 969 (Div. 1)
abeker,2276,2271,-5,386,2006,Codeforces Round 969 (Div. 1)
gxy001,2295,2285,-10,387,2006,Codeforces Round 969 (Div. 1)
MMYYFF,2121,2159,38,387,2006,Codeforces Round 969 (Div. 1)
Kolychestiy,2184,2203,19,389,2006,Codeforces Round 969 (Div. 1)
xqqddqqc,1960,2050,90,390,2006,Codeforces Round 969 (Div. 1)
Kaey,2357,2331,-26,391,2006,Codeforces Round 969 (Div. 1)
irkstepanov,2377,2346,-31,392,2006,Codeforces Round 969 (Div. 1)
Linx,2467,2414,-53,392,2006,Codeforces Round 969 (Div. 1)
IBory,2326,2307,-19,394,2006,Codeforces Round 969 (Div. 1)
liubinze,1995,2071,76,394,2006,Codeforces Round 969 (Div. 1)
ghj1222,2116,2153,37,396,2006,Codeforces Round 969 (Div. 1)
fast_photon,2464,2411,-53,397,2006,Codeforces Round 969 (Div. 1)
kwoncycle,2278,2269,-9,398,2006,Codeforces Round 969 (Div. 1)
Badint,2150,2176,26,398,2006,Codeforces Round 969 (Div. 1)
mban259,2221,2227,6,400,2006,Codeforces Round 969 (Div. 1)
StupidGuy13,2191,2205,14,401,2006,Codeforces Round 969 (Div. 1)
ArvinCiu,2021,2086,65,402,2006,Codeforces Round 969 (Div. 1)
WTR2007,1984,2062,78,403,2006,Codeforces Round 969 (Div. 1)
HuaJun,2280,2270,-10,404,2006,Codeforces Round 969 (Div. 1)
aaronkim00,2288,2275,-13,405,2006,Codeforces Round 969 (Div. 1)
Luna_Sakurakouji,2146,2172,26,406,2006,Codeforces Round 969 (Div. 1)
menborong,2280,2269,-11,407,2006,Codeforces Round 969 (Div. 1)
TRDOG,2148,2172,24,408,2006,Codeforces Round 969 (Div. 1)
Yaimsea,2161,2181,20,409,2006,Codeforces Round 969 (Div. 1)
ApraCadabra,2227,2229,2,410,2006,Codeforces Round 969 (Div. 1)
Palbudir,2137,2164,27,411,2006,Codeforces Round 969 (Div. 1)
lcaonmst,2288,2274,-14,412,2006,Codeforces Round 969 (Div. 1)
DiegoGarcia,2188,2200,12,413,2006,Codeforces Round 969 (Div. 1)
pring,2360,2328,-32,414,2006,Codeforces Round 969 (Div. 1)
rimr,2025,2085,60,414,2006,Codeforces Round 969 (Div. 1)
reedef,2617,2524,-93,416,2006,Codeforces Round 969 (Div. 1)
Practice_Track,2069,2115,46,417,2006,Codeforces Round 969 (Div. 1)
Qwertenx,2144,2166,22,418,2006,Codeforces Round 969 (Div. 1)
Astatinear,2208,2212,4,418,2006,Codeforces Round 969 (Div. 1)
GoogleBot,2175,2189,14,418,2006,Codeforces Round 969 (Div. 1)
Daniel081024,2382,2342,-40,421,2006,Codeforces Round 969 (Div. 1)
forelax,2162,2178,16,421,2006,Codeforces Round 969 (Div. 1)
enzopsm,2130,2156,26,421,2006,Codeforces Round 969 (Div. 1)
liaoyanxu,1905,2005,100,424,2006,Codeforces Round 969 (Div. 1)
albatross_errantia,2317,2293,-24,425,2006,Codeforces Round 969 (Div. 1)
_Parsa,2213,2215,2,426,2006,Codeforces Round 969 (Div. 1)
buidangnguyen05,1971,2046,75,427,2006,Codeforces Round 969 (Div. 1)
leaf1415,2438,2384,-54,428,2006,Codeforces Round 969 (Div. 1)
AFOier,2212,2212,0,429,2006,Codeforces Round 969 (Div. 1)
GeoCalibur,2102,2133,31,429,2006,Codeforces Round 969 (Div. 1)
damjandavkov,2290,2271,-19,429,2006,Codeforces Round 969 (Div. 1)
Kent530,2165,2178,13,429,2006,Codeforces Round 969 (Div. 1)
bbts,2163,2176,13,433,2006,Codeforces Round 969 (Div. 1)
David-M,2143,2162,19,434,2006,Codeforces Round 969 (Div. 1)
chuchu,2217,2215,-2,435,2006,Codeforces Round 969 (Div. 1)
Erinyes,2069,2109,40,435,2006,Codeforces Round 969 (Div. 1)
ian_HLX,2253,2241,-12,437,2006,Codeforces Round 969 (Div. 1)
HaccerKat,2144,2161,17,437,2006,Codeforces Round 969 (Div. 1)
tatata96,2304,2280,-24,439,2006,Codeforces Round 969 (Div. 1)
sillylittleidiot77,2311,2285,-26,440,2006,Codeforces Round 969 (Div. 1)
brown_toad,2163,2174,11,441,2006,Codeforces Round 969 (Div. 1)
catforces,2166,2176,10,442,2006,Codeforces Round 969 (Div. 1)
CoderAbhi27,1966,2038,72,442,2006,Codeforces Round 969 (Div. 1)
tranhoangson,1940,2021,81,444,2006,Codeforces Round 969 (Div. 1)
user10086,1930,2014,84,445,2006,Codeforces Round 969 (Div. 1)
Linear_B,2077,2112,35,445,2006,Codeforces Round 969 (Div. 1)
skahl15,2325,2294,-31,447,2006,Codeforces Round 969 (Div. 1)
parkky,2218,2213,-5,448,2006,Codeforces Round 969 (Div. 1)
Danncla,2210,2207,-3,449,2006,Codeforces Round 969 (Div. 1)
zmy_,2309,2281,-28,450,2006,Codeforces Round 969 (Div. 1)
JYJin,2297,2272,-25,451,2006,Codeforces Round 969 (Div. 1)
ivandasfs,2148,2161,13,452,2006,Codeforces Round 969 (Div. 1)
violentpeanuts,2168,2175,7,453,2006,Codeforces Round 969 (Div. 1)
10tus,2265,2246,-19,453,2006,Codeforces Round 969 (Div. 1)
cwxzh,2119,2139,20,455,2006,Codeforces Round 969 (Div. 1)
M_bolshakov,2120,2140,20,455,2006,Codeforces Round 969 (Div. 1)
mbolgov,2100,2125,25,457,2006,Codeforces Round 969 (Div. 1)
DerekYeh,2018,2068,50,458,2006,Codeforces Round 969 (Div. 1)
zhouchenfeng,2135,2150,15,459,2006,Codeforces Round 969 (Div. 1)
Alfeh1,2143,2155,12,460,2006,Codeforces Round 969 (Div. 1)
bcollet,2128,2144,16,461,2006,Codeforces Round 969 (Div. 1)
Yesiyesiio,2102,2125,23,462,2006,Codeforces Round 969 (Div. 1)
MarcosK,2255,2237,-18,462,2006,Codeforces Round 969 (Div. 1)
wyzz162534,2209,2202,-7,462,2006,Codeforces Round 969 (Div. 1)
reil_st,2100,2123,23,465,2006,Codeforces Round 969 (Div. 1)
anango,2208,2201,-7,466,2006,Codeforces Round 969 (Div. 1)
ji_1433223,1946,2018,72,467,2006,Codeforces Round 969 (Div. 1)
octane,2029,2073,44,468,2006,Codeforces Round 969 (Div. 1)
topovik,2238,2223,-15,468,2006,Codeforces Round 969 (Div. 1)
IDSG,1928,2005,77,470,2006,Codeforces Round 969 (Div. 1)
Dalek_of_Rivia,2313,2279,-34,471,2006,Codeforces Round 969 (Div. 1)
shadow9236,2147,2155,8,472,2006,Codeforces Round 969 (Div. 1)
ArsenGotov,2100,2121,21,473,2006,Codeforces Round 969 (Div. 1)
mees,2286,2258,-28,473,2006,Codeforces Round 969 (Div. 1)
surajchip2,2273,2248,-25,475,2006,Codeforces Round 969 (Div. 1)
ArSarapkin,2321,2284,-37,476,2006,Codeforces Round 969 (Div. 1)
Jeuti,2190,2185,-5,477,2006,Codeforces Round 969 (Div. 1)
hongjiaohu,2270,2245,-25,478,2006,Codeforces Round 969 (Div. 1)
Ashwanth.K,2325,2287,-38,478,2006,Codeforces Round 969 (Div. 1)
Art.ogo,2180,2177,-3,480,2006,Codeforces Round 969 (Div. 1)
chtholly,2199,2191,-8,481,2006,Codeforces Round 969 (Div. 1)
yuvrajKharayat,2153,2157,4,482,2006,Codeforces Round 969 (Div. 1)
anthonyaaab123,2020,2063,43,483,2006,Codeforces Round 969 (Div. 1)
clap,2107,2123,16,484,2006,Codeforces Round 969 (Div. 1)
forget-star,2186,2180,-6,485,2006,Codeforces Round 969 (Div. 1)
llloserqz,2253,2230,-23,485,2006,Codeforces Round 969 (Div. 1)
mhb2010,2292,2260,-32,487,2006,Codeforces Round 969 (Div. 1)
Rayo,2177,2173,-4,488,2006,Codeforces Round 969 (Div. 1)
EzheKing,2063,2091,28,489,2006,Codeforces Round 969 (Div. 1)
CTHOOH,2135,2142,7,490,2006,Codeforces Round 969 (Div. 1)
Leo_0503,2150,2152,2,491,2006,Codeforces Round 969 (Div. 1)
Ricky2021,2269,2241,-28,492,2006,Codeforces Round 969 (Div. 1)
nono00,2063,2090,27,493,2006,Codeforces Round 969 (Div. 1)
PoustouFlan,2134,2140,6,494,2006,Codeforces Round 969 (Div. 1)
ekatsim,2189,2180,-9,494,2006,Codeforces Round 969 (Div. 1)
murder_drones,1905,1983,78,496,2006,Codeforces Round 969 (Div. 1)
robinyqc,1993,2040,47,496,2006,Codeforces Round 969 (Div. 1)
Ivan_len,2301,2264,-37,498,2006,Codeforces Round 969 (Div. 1)
trybetter,2233,2213,-20,499,2006,Codeforces Round 969 (Div. 1)
ATM12345,2169,2164,-5,500,2006,Codeforces Round 969 (Div. 1)
wanxin,2077,2097,20,501,2006,Codeforces Round 969 (Div. 1)
dyppp,2224,2205,-19,502,2006,Codeforces Round 969 (Div. 1)
TheLostCookie,2543,2450,-93,502,2006,Codeforces Round 969 (Div. 1)
kohandy,2127,2133,6,504,2006,Codeforces Round 969 (Div. 1)
LUlululu1616,2204,2189,-15,505,2006,Codeforces Round 969 (Div. 1)
UKBwyx,2121,2128,7,506,2006,Codeforces Round 969 (Div. 1)
lethan3,2233,2211,-22,507,2006,Codeforces Round 969 (Div. 1)
zeemanz,2151,2149,-2,508,2006,Codeforces Round 969 (Div. 1)
Shifted,1924,1991,67,509,2006,Codeforces Round 969 (Div. 1)
Egg_laying_master,1971,2022,51,510,2006,Codeforces Round 969 (Div. 1)
eepsilon,1990,2035,45,511,2006,Codeforces Round 969 (Div. 1)
autumoon,2148,2146,-2,512,2006,Codeforces Round 969 (Div. 1)
allfadeaway,2217,2197,-20,513,2006,Codeforces Round 969 (Div. 1)
ntherner,2427,2358,-69,513,2006,Codeforces Round 969 (Div. 1)
konb1,2133,2134,1,515,2006,Codeforces Round 969 (Div. 1)
bro_jie,2174,2164,-10,516,2006,Codeforces Round 969 (Div. 1)
darkkcyan,2445,2371,-74,517,2006,Codeforces Round 969 (Div. 1)
Nullptrs,2192,2177,-15,518,2006,Codeforces Round 969 (Div. 1)
Akulyat,2392,2330,-62,519,2006,Codeforces Round 969 (Div. 1)
MATDORI,2086,2099,13,520,2006,Codeforces Round 969 (Div. 1)
daukah,2269,2235,-34,521,2006,Codeforces Round 969 (Div. 1)
DUTZeratul,2312,2268,-44,522,2006,Codeforces Round 969 (Div. 1)
rikka_lyly,2083,2096,13,523,2006,Codeforces Round 969 (Div. 1)
Tobo,2341,2290,-51,524,2006,Codeforces Round 969 (Div. 1)
eyadhjarray111,2167,2157,-10,525,2006,Codeforces Round 969 (Div. 1)
ChrysanthBlossom,2114,2118,4,526,2006,Codeforces Round 969 (Div. 1)
ace5,2544,2447,-97,527,2006,Codeforces Round 969 (Div. 1)
fanythree,1979,2022,43,528,2006,Codeforces Round 969 (Div. 1)
GrandSouris,2314,2268,-46,529,2006,Codeforces Round 969 (Div. 1)
yy_chen,2256,2223,-33,530,2006,Codeforces Round 969 (Div. 1)
SanguineChameleon,2682,2553,-129,531,2006,Codeforces Round 969 (Div. 1)
sleep__,2347,2293,-54,532,2006,Codeforces Round 969 (Div. 1)
dontforgetyourself,1958,2007,49,533,2006,Codeforces Round 969 (Div. 1)
amsen,2243,2212,-31,534,2006,Codeforces Round 969 (Div. 1)
Alex239,2138,2133,-5,535,2006,Codeforces Round 969 (Div. 1)
snuke,2977,2782,-195,536,2006,Codeforces Round 969 (Div. 1)
csyakuoi,2182,2165,-17,537,2006,Codeforces Round 969 (Div. 1)
LinkWish,2119,2118,-1,538,2006,Codeforces Round 969 (Div. 1)
lsxhyyds,2263,2227,-36,539,2006,Codeforces Round 969 (Div. 1)
lightseba,2323,2272,-51,540,2006,Codeforces Round 969 (Div. 1)
Hamed_Ghaffari,2413,2342,-71,541,2006,Codeforces Round 969 (Div. 1)
sadness,2192,2172,-20,542,2006,Codeforces Round 969 (Div. 1)
Andrew-13,2139,2132,-7,543,2006,Codeforces Round 969 (Div. 1)
Piokemon,2234,2203,-31,544,2006,Codeforces Round 969 (Div. 1)
ttamx,2434,2358,-76,545,2006,Codeforces Round 969 (Div. 1)
Saquariu,2339,2284,-55,546,2006,Codeforces Round 969 (Div. 1)
maomao90,2467,2383,-84,547,2006,Codeforces Round 969 (Div. 1)
The_Hallak,2164,2149,-15,548,2006,Codeforces Round 969 (Div. 1)
max0000561,2161,2147,-14,549,2006,Codeforces Round 969 (Div. 1)
someone__,2178,2159,-19,550,2006,Codeforces Round 969 (Div. 1)
crazyilian,2319,2267,-52,551,2006,Codeforces Round 969 (Div. 1)
Lawali,2174,2156,-18,552,2006,Codeforces Round 969 (Div. 1)
PeruvianCartel,2202,2177,-25,553,2006,Codeforces Round 969 (Div. 1)
ShadowShark,1929,1981,52,553,2006,Codeforces Round 969 (Div. 1)
gortomi,2176,2157,-19,553,2006,Codeforces Round 969 (Div. 1)
mrthimote,2228,2196,-32,553,2006,Codeforces Round 969 (Div. 1)
Muelsyse,2390,2321,-69,557,2006,Codeforces Round 969 (Div. 1)
khepri,2125,2118,-7,558,2006,Codeforces Round 969 (Div. 1)
RigBuhBuh,2239,2204,-35,558,2006,Codeforces Round 969 (Div. 1)
Peter-007,2575,2465,-110,560,2006,Codeforces Round 969 (Div. 1)
yizhigop,1941,1987,46,560,2006,Codeforces Round 969 (Div. 1)
Hosen_ba,2253,2214,-39,560,2006,Codeforces Round 969 (Div. 1)
mircea_007,2127,2118,-9,563,2006,Codeforces Round 969 (Div. 1)
zjjws,2134,2123,-11,563,2006,Codeforces Round 969 (Div. 1)
I.Gleb,2186,2163,-23,565,2006,Codeforces Round 969 (Div. 1)
GSYL,2233,2198,-35,566,2006,Codeforces Round 969 (Div. 1)
TreeGroup,1931,1979,48,567,2006,Codeforces Round 969 (Div. 1)
arzhantsev64,2334,2276,-58,568,2006,Codeforces Round 969 (Div. 1)
zsc985246,2059,2067,8,569,2006,Codeforces Round 969 (Div. 1)
Inkyo,2120,2111,-9,570,2006,Codeforces Round 969 (Div. 1)
Haorayz4,2151,2134,-17,570,2006,Codeforces Round 969 (Div. 1)
sos89756,2104,2099,-5,572,2006,Codeforces Round 969 (Div. 1)
imtore,2108,2102,-6,573,2006,Codeforces Round 969 (Div. 1)
kafamcokkaristi,2111,2104,-7,574,2006,Codeforces Round 969 (Div. 1)
Shoo,2110,2103,-7,575,2006,Codeforces Round 969 (Div. 1)
ILoveGulim,2199,2170,-29,576,2006,Codeforces Round 969 (Div. 1)
Tang___Tang,1951,1990,39,577,2006,Codeforces Round 969 (Div. 1)
_morsmordre_,2123,2112,-11,578,2006,Codeforces Round 969 (Div. 1)
kilkuwu,2100,2095,-5,579,2006,Codeforces Round 969 (Div. 1)
Jin-Keeper,2117,2107,-10,580,2006,Codeforces Round 969 (Div. 1)
yogzinhoo,2307,2252,-55,581,2006,Codeforces Round 969 (Div. 1)
shorya1835,2171,2147,-24,582,2006,Codeforces Round 969 (Div. 1)
Natsuzora,2356,2290,-66,583,2006,Codeforces Round 969 (Div. 1)
milisav,2599,2480,-119,584,2006,Codeforces Round 969 (Div. 1)
jaewoo2009,2265,2219,-46,585,2006,Codeforces Round 969 (Div. 1)
ButterflyDew,2209,2175,-34,585,2006,Codeforces Round 969 (Div. 1)
Peti,2361,2293,-68,587,2006,Codeforces Round 969 (Div. 1)
tbank,2025,2038,13,588,2006,Codeforces Round 969 (Div. 1)
MiracleAutomaton,2161,2203,42,589,2006,Codeforces Round 969 (Div. 1)
dyktr_06,2149,2129,-20,589,2006,Codeforces Round 969 (Div. 1)
kavorka,1958,1991,33,591,2006,Codeforces Round 969 (Div. 1)
Shuishui_0921,2220,2183,-37,591,2006,Codeforces Round 969 (Div. 1)
great_fortune,2043,2050,7,593,2006,Codeforces Round 969 (Div. 1)
ahmetalp,1961,1992,31,594,2006,Codeforces Round 969 (Div. 1)
diskoteka,2164,2139,-25,595,2006,Codeforces Round 969 (Div. 1)
Onolt_kh,2265,2217,-48,596,2006,Codeforces Round 969 (Div. 1)
Lirnited,2254,2208,-46,597,2006,Codeforces Round 969 (Div. 1)
shrey_gta,1964,1993,29,597,2006,Codeforces Round 969 (Div. 1)
mr.kolya,2229,2188,-41,599,2006,Codeforces Round 969 (Div. 1)
AmirrzwM,2187,2156,-31,599,2006,Codeforces Round 969 (Div. 1)
soullless,2140,2120,-20,601,2006,Codeforces Round 969 (Div. 1)
khjoainoeg,1911,1956,45,601,2006,Codeforces Round 969 (Div. 1)
rtckyw_,2120,2104,-16,603,2006,Codeforces Round 969 (Div. 1)
gs20036,2055,2056,1,603,2006,Codeforces Round 969 (Div. 1)
LYH.cpp,2019,2030,11,603,2006,Codeforces Round 969 (Div. 1)
BabaVoss,2133,2114,-19,606,2006,Codeforces Round 969 (Div. 1)
HanakoNana,2222,2181,-41,607,2006,Codeforces Round 969 (Div. 1)
Ya_kushat_lublu,2070,2066,-4,608,2006,Codeforces Round 969 (Div. 1)
NinjaDoggy,2072,2067,-5,609,2006,Codeforces Round 969 (Div. 1)
sha7dow,2190,2155,-35,610,2006,Codeforces Round 969 (Div. 1)
serotonin,2175,2144,-31,610,2006,Codeforces Round 969 (Div. 1)
Maezra6,2165,2136,-29,610,2006,Codeforces Round 969 (Div. 1)
LiuXingJian,2291,2233,-58,613,2006,Codeforces Round 969 (Div. 1)
Cu_OH_2,2112,2096,-16,614,2006,Codeforces Round 969 (Div. 1)
yupooh,2156,2129,-27,615,2006,Codeforces Round 969 (Div. 1)
Circling,1989,2006,17,615,2006,Codeforces Round 969 (Div. 1)
DaNeK0201,2113,2095,-18,617,2006,Codeforces Round 969 (Div. 1)
RahulChugh,2186,2151,-35,617,2006,Codeforces Round 969 (Div. 1)
rowechen,1930,1964,34,619,2006,Codeforces Round 969 (Div. 1)
Kokuto-Mikiya,1926,1961,35,620,2006,Codeforces Round 969 (Div. 1)
ahgus89,2125,2104,-21,621,2006,Codeforces Round 969 (Div. 1)
djwcb,2219,2176,-43,622,2006,Codeforces Round 969 (Div. 1)
AryRDW,2049,2047,-2,623,2006,Codeforces Round 969 (Div. 1)
caidx233,2027,2031,4,623,2006,Codeforces Round 969 (Div. 1)
TheQuantiX,2040,2039,-1,625,2006,Codeforces Round 969 (Div. 1)
shagou,2065,2058,-7,625,2006,Codeforces Round 969 (Div. 1)
usmanov.ie,2167,2135,-32,625,2006,Codeforces Round 969 (Div. 1)
temporary1,1924,1958,34,628,2006,Codeforces Round 969 (Div. 1)
qiut,2155,2125,-30,629,2006,Codeforces Round 969 (Div. 1)
chengke,2007,2015,8,629,2006,Codeforces Round 969 (Div. 1)
markthitrin,1935,1964,29,631,2006,Codeforces Round 969 (Div. 1)
HCCH,1961,1982,21,632,2006,Codeforces Round 969 (Div. 1)
flytime,2299,2236,-63,632,2006,Codeforces Round 969 (Div. 1)
JoseSoto,2104,2085,-19,634,2006,Codeforces Round 969 (Div. 1)
BladeRunner,2096,2079,-17,635,2006,Codeforces Round 969 (Div. 1)
Charming,2007,2013,6,636,2006,Codeforces Round 969 (Div. 1)
PieArmy,2152,2121,-31,636,2006,Codeforces Round 969 (Div. 1)
wiritos,2183,2145,-38,638,2006,Codeforces Round 969 (Div. 1)
sheercold,2399,2314,-85,639,2006,Codeforces Round 969 (Div. 1)
page_fault,2186,2146,-40,640,2006,Codeforces Round 969 (Div. 1)
shrapnelzz,1920,1951,31,640,2006,Codeforces Round 969 (Div. 1)
Rumors,2051,2044,-7,642,2006,Codeforces Round 969 (Div. 1)
Ocelot_666,2041,2036,-5,642,2006,Codeforces Round 969 (Div. 1)
codicon,2153,2120,-33,644,2006,Codeforces Round 969 (Div. 1)
4977,2161,2126,-35,645,2006,Codeforces Round 969 (Div. 1)
xiaozengX,1975,1988,13,646,2006,Codeforces Round 969 (Div. 1)
Bossusuprem,2113,2089,-24,647,2006,Codeforces Round 969 (Div. 1)
wfb,2150,2117,-33,648,2006,Codeforces Round 969 (Div. 1)
Lurtruoso,2119,2093,-26,649,2006,Codeforces Round 969 (Div. 1)
Anonymous_Noob,2390,2305,-85,649,2006,Codeforces Round 969 (Div. 1)
ArtAlex,2225,2174,-51,651,2006,Codeforces Round 969 (Div. 1)
Jryno1,1939,1961,22,651,2006,Codeforces Round 969 (Div. 1)
attempt0,2125,2097,-28,653,2006,Codeforces Round 969 (Div. 1)
IsaacMoris,2182,2141,-41,653,2006,Codeforces Round 969 (Div. 1)
golomb,2175,2135,-40,655,2006,Codeforces Round 969 (Div. 1)
rookiefyq,1914,1943,29,655,2006,Codeforces Round 969 (Div. 1)
UWR_Tran,1955,1971,16,655,2006,Codeforces Round 969 (Div. 1)
AKSLEGION,2132,2101,-31,658,2006,Codeforces Round 969 (Div. 1)
dmraykhan,2307,2238,-69,658,2006,Codeforces Round 969 (Div. 1)
hxu10,2175,2134,-41,660,2006,Codeforces Round 969 (Div. 1)
zsmihaly,2031,2025,-6,661,2006,Codeforces Round 969 (Div. 1)
Hong_Meiling,1934,1955,21,662,2006,Codeforces Round 969 (Div. 1)
satyam343,1944,1962,18,662,2006,Codeforces Round 969 (Div. 1)
olmrgcsi,2403,2313,-90,664,2006,Codeforces Round 969 (Div. 1)
WQhuanm.,2100,2075,-25,664,2006,Codeforces Round 969 (Div. 1)
Pashteticus,1915,1941,26,666,2006,Codeforces Round 969 (Div. 1)
CHHC,1993,1995,2,666,2006,Codeforces Round 969 (Div. 1)
Wandoka,2139,2104,-35,668,2006,Codeforces Round 969 (Div. 1)
HayleyWilliams,2004,2003,-1,668,2006,Codeforces Round 969 (Div. 1)
Franklzh,2274,2210,-64,668,2006,Codeforces Round 969 (Div. 1)
prz1213,2170,2128,-42,671,2006,Codeforces Round 969 (Div. 1)
Jakub_Woxniak,1918,1941,23,671,2006,Codeforces Round 969 (Div. 1)
wcdr,2221,2167,-54,673,2006,Codeforces Round 969 (Div. 1)
pkhaustov,2112,2083,-29,674,2006,Codeforces Round 969 (Div. 1)
xu826281112,2019,2012,-7,675,2006,Codeforces Round 969 (Div. 1)
11231123,2151,2112,-39,676,2006,Codeforces Round 969 (Div. 1)
ItamarNir,2118,2086,-32,676,2006,Codeforces Round 969 (Div. 1)
Imagine.2019,2051,2035,-16,676,2006,Codeforces Round 969 (Div. 1)
heidiheize,2158,2117,-41,679,2006,Codeforces Round 969 (Div. 1)
Blinov_Artemii,2230,2173,-57,680,2006,Codeforces Round 969 (Div. 1)
BowTen,1977,1980,3,680,2006,Codeforces Round 969 (Div. 1)
SlipM,1933,1949,16,680,2006,Codeforces Round 969 (Div. 1)
mwen,2242,2182,-60,683,2006,Codeforces Round 969 (Div. 1)
GALA,2165,2121,-44,683,2006,Codeforces Round 969 (Div. 1)
lecarg,2029,2017,-12,685,2006,Codeforces Round 969 (Div. 1)
Faitan,2020,2010,-10,685,2006,Codeforces Round 969 (Div. 1)
LOL_I_AM_SERZH,2294,2222,-72,685,2006,Codeforces Round 969 (Div. 1)
abstract_nonsense,2156,2113,-43,688,2006,Codeforces Round 969 (Div. 1)
cybsbbb,2027,2015,-12,689,2006,Codeforces Round 969 (Div. 1)
CSHwang,2216,2160,-56,690,2006,Codeforces Round 969 (Div. 1)
blockinput,1967,1970,3,690,2006,Codeforces Round 969 (Div. 1)
Bob_Wang,1970,1972,2,692,2006,Codeforces Round 969 (Div. 1)
DanielChang,2295,2222,-73,693,2006,Codeforces Round 969 (Div. 1)
HCPS42,2196,2143,-53,694,2006,Codeforces Round 969 (Div. 1)
tch1cherin,2133,2094,-39,695,2006,Codeforces Round 969 (Div. 1)
yahia,2258,2192,-66,696,2006,Codeforces Round 969 (Div. 1)
Wael_Zaiback,2224,2165,-59,696,2006,Codeforces Round 969 (Div. 1)
zhenja,2270,2201,-69,698,2006,Codeforces Round 969 (Div. 1)
icoder178,2084,2056,-28,698,2006,Codeforces Round 969 (Div. 1)
goncharovmike,2106,2072,-34,700,2006,Codeforces Round 969 (Div. 1)
UP84,1959,1962,3,700,2006,Codeforces Round 969 (Div. 1)
qwexd,2137,2096,-41,700,2006,Codeforces Round 969 (Div. 1)
britishcat,1908,1925,17,703,2006,Codeforces Round 969 (Div. 1)
quokka,2188,2135,-53,703,2006,Codeforces Round 969 (Div. 1)
sidat,1987,1981,-6,705,2006,Codeforces Round 969 (Div. 1)
KiKoS,2146,2102,-44,705,2006,Codeforces Round 969 (Div. 1)
Kuangchenrui,2247,2181,-66,705,2006,Codeforces Round 969 (Div. 1)
brute_forceCE,2140,2096,-44,708,2006,Codeforces Round 969 (Div. 1)
dreamjoker,1961,1961,0,708,2006,Codeforces Round 969 (Div. 1)
Yousef.Osama,1972,1969,-3,708,2006,Codeforces Round 969 (Div. 1)
Prieved,2236,2172,-64,711,2006,Codeforces Round 969 (Div. 1)
Mitsubachi,2289,2214,-75,711,2006,Codeforces Round 969 (Div. 1)
estoy-re-sebado,1999,1988,-11,713,2006,Codeforces Round 969 (Div. 1)
toor,2336,2251,-85,714,2006,Codeforces Round 969 (Div. 1)
zfs732,2333,2249,-84,715,2006,Codeforces Round 969 (Div. 1)
kunzaZa183,2034,2014,-20,716,2006,Codeforces Round 969 (Div. 1)
Axial-Tilted,2058,2031,-27,717,2006,Codeforces Round 969 (Div. 1)
youdu666,1946,1948,2,717,2006,Codeforces Round 969 (Div. 1)
Capps,2123,2081,-42,717,2006,Codeforces Round 969 (Div. 1)
sufficiently_large_boss,1987,1977,-10,720,2006,Codeforces Round 969 (Div. 1)
TJLG-fly,1975,1968,-7,721,2006,Codeforces Round 969 (Div. 1)
svntn.4vr,1983,1974,-9,721,2006,Codeforces Round 969 (Div. 1)
Eldar_H1,2071,2040,-31,723,2006,Codeforces Round 969 (Div. 1)
charan,2175,2121,-54,723,2006,Codeforces Round 969 (Div. 1)
I_Love_Sonechka,2128,2084,-44,725,2006,Codeforces Round 969 (Div. 1)
DanTheMan.,2315,2232,-83,726,2006,Codeforces Round 969 (Div. 1)
Alear,1911,1920,9,727,2006,Codeforces Round 969 (Div. 1)
salyg1n,2326,2241,-85,727,2006,Codeforces Round 969 (Div. 1)
Genius_dream,2159,2107,-52,727,2006,Codeforces Round 969 (Div. 1)
Ssoul,2208,2146,-62,727,2006,Codeforces Round 969 (Div. 1)
invertedwinger,2146,2097,-49,731,2006,Codeforces Round 969 (Div. 1)
_helloLad,1961,1955,-6,732,2006,Codeforces Round 969 (Div. 1)
RDFZchenyy,1970,1961,-9,732,2006,Codeforces Round 969 (Div. 1)
JOliva,2189,2130,-59,734,2006,Codeforces Round 969 (Div. 1)
Dragokj03,2216,2151,-65,734,2006,Codeforces Round 969 (Div. 1)
marc2825,2167,2112,-55,736,2006,Codeforces Round 969 (Div. 1)
little_brush,2218,2153,-65,736,2006,Codeforces Round 969 (Div. 1)
siewjh,2064,2031,-33,738,2006,Codeforces Round 969 (Div. 1)
Pols_Agyi_Pols,2174,2117,-57,738,2006,Codeforces Round 969 (Div. 1)
2018liuzhiyuan,2150,2098,-52,740,2006,Codeforces Round 969 (Div. 1)
chennie,2128,2080,-48,741,2006,Codeforces Round 969 (Div. 1)
tanaygad,2169,2113,-56,742,2006,Codeforces Round 969 (Div. 1)
zhongpeilin,2120,2073,-47,743,2006,Codeforces Round 969 (Div. 1)
andrewtam,2132,2083,-49,743,2006,Codeforces Round 969 (Div. 1)
Lilypad,1938,1935,-3,745,2006,Codeforces Round 969 (Div. 1)
YoMamaLover,1954,1946,-8,746,2006,Codeforces Round 969 (Div. 1)
Muelsyse_,1919,1920,1,746,2006,Codeforces Round 969 (Div. 1)
xcc_szy0905,2299,2216,-83,746,2006,Codeforces Round 969 (Div. 1)
Akarsura,1952,1943,-9,749,2006,Codeforces Round 969 (Div. 1)
MeetBrahmbhatt,1917,1918,1,749,2006,Codeforces Round 969 (Div. 1)
ExplodingFreeze,2042,2011,-31,749,2006,Codeforces Round 969 (Div. 1)
danbanica,2047,2015,-32,752,2006,Codeforces Round 969 (Div. 1)
petamingks,2226,2156,-70,752,2006,Codeforces Round 969 (Div. 1)
q1w2e3r4_1,2276,2196,-80,754,2006,Codeforces Round 969 (Div. 1)
miie,2014,1989,-25,754,2006,Codeforces Round 969 (Div. 1)
Caf_Sq,2114,2066,-48,756,2006,Codeforces Round 969 (Div. 1)
ETO_leader,2144,2090,-54,757,2006,Codeforces Round 969 (Div. 1)
gauss148,1921,1919,-2,758,2006,Codeforces Round 969 (Div. 1)
Junz_LJL,2100,2054,-46,759,2006,Codeforces Round 969 (Div. 1)
Ste,2081,2039,-42,760,2006,Codeforces Round 969 (Div. 1)
Nisanth,2156,2098,-58,761,2006,Codeforces Round 969 (Div. 1)
Wielomian,2219,2149,-70,762,2006,Codeforces Round 969 (Div. 1)
FatihCihan,1901,1902,1,763,2006,Codeforces Round 969 (Div. 1)
turkhuu622,2338,2245,-93,763,2006,Codeforces Round 969 (Div. 1)
altgifted,2053,2016,-37,763,2006,Codeforces Round 969 (Div. 1)
laurxh,2258,2180,-78,766,2006,Codeforces Round 969 (Div. 1)
lotusblume,2344,2249,-95,767,2006,Codeforces Round 969 (Div. 1)
prokulijander,1980,1960,-20,768,2006,Codeforces Round 969 (Div. 1)
besukohu,2171,2109,-62,768,2006,Codeforces Round 969 (Div. 1)
The-Winner,2290,2205,-85,770,2006,Codeforces Round 969 (Div. 1)
rika,2113,2062,-51,771,2006,Codeforces Round 969 (Div. 1)
LMeyling,2147,2089,-58,771,2006,Codeforces Round 969 (Div. 1)
21cs01033,2142,2085,-57,771,2006,Codeforces Round 969 (Div. 1)
Alex2184,2181,2116,-65,774,2006,Codeforces Round 969 (Div. 1)
Pagode_Paiva,2126,2071,-55,775,2006,Codeforces Round 969 (Div. 1)
asupersalmon,1905,1902,-3,775,2006,Codeforces Round 969 (Div. 1)
yash_babel,1955,1938,-17,777,2006,Codeforces Round 969 (Div. 1)
justbaka,1931,1920,-11,777,2006,Codeforces Round 969 (Div. 1)
Azm1t,2029,1994,-35,777,2006,Codeforces Round 969 (Div. 1)
medmdg_3,2194,2125,-69,780,2006,Codeforces Round 969 (Div. 1)
Kieray,2223,2149,-74,781,2006,Codeforces Round 969 (Div. 1)
pallavgoyal136,1949,1932,-17,782,2006,Codeforces Round 969 (Div. 1)
junie,2357,2257,-100,783,2006,Codeforces Round 969 (Div. 1)
akua,2305,2215,-90,783,2006,Codeforces Round 969 (Div. 1)
Morisz10,2206,2134,-72,785,2006,Codeforces Round 969 (Div. 1)
LarrixAntofanin,2052,2011,-41,785,2006,Codeforces Round 969 (Div. 1)
Dinprosperity,1957,1937,-20,787,2006,Codeforces Round 969 (Div. 1)
weirdflexbutok,2100,2048,-52,787,2006,Codeforces Round 969 (Div. 1)
ethandong,1991,1963,-28,789,2006,Codeforces Round 969 (Div. 1)
firexial,2100,2047,-53,790,2006,Codeforces Round 969 (Div. 1)
crossedNightTour,2178,2110,-68,790,2006,Codeforces Round 969 (Div. 1)
sxrcodeforces,1939,1922,-17,792,2006,Codeforces Round 969 (Div. 1)
Francesco4203,1984,1956,-28,793,2006,Codeforces Round 969 (Div. 1)
FIorian,2237,2158,-79,793,2006,Codeforces Round 969 (Div. 1)
Vitaly239239,2104,2050,-54,795,2006,Codeforces Round 969 (Div. 1)
xyfern,1932,1916,-16,795,2006,Codeforces Round 969 (Div. 1)
egneeS,2283,2195,-88,797,2006,Codeforces Round 969 (Div. 1)
Ignut,2232,2153,-79,798,2006,Codeforces Round 969 (Div. 1)
BiggestOtaku,1914,1901,-13,799,2006,Codeforces Round 969 (Div. 1)
Vespertine,1904,1894,-10,799,2006,Codeforces Round 969 (Div. 1)
CF114514ancestor,2012,1975,-37,801,2006,Codeforces Round 969 (Div. 1)
fks20011206,1980,1951,-29,801,2006,Codeforces Round 969 (Div. 1)
MagnusCarlsen321,2138,2075,-63,803,2006,Codeforces Round 969 (Div. 1)
Triseedot,2156,2090,-66,803,2006,Codeforces Round 969 (Div. 1)
EdGrass,1996,1962,-34,805,2006,Codeforces Round 969 (Div. 1)
Liang_Yusong,2050,2004,-46,806,2006,Codeforces Round 969 (Div. 1)
E1e3_,1963,1936,-27,807,2006,Codeforces Round 969 (Div. 1)
daduoli,2165,2096,-69,808,2006,Codeforces Round 969 (Div. 1)
Alexxx,2104,2047,-57,809,2006,Codeforces Round 969 (Div. 1)
Shayan86,2240,2157,-83,810,2006,Codeforces Round 969 (Div. 1)
shiven,2244,2160,-84,811,2006,Codeforces Round 969 (Div. 1)
xxcdsg_plus,1967,1938,-29,811,2006,Codeforces Round 969 (Div. 1)
tloinuy,1917,1899,-18,811,2006,Codeforces Round 969 (Div. 1)
dogEW,2480,2353,-127,814,2006,Codeforces Round 969 (Div. 1)
jianylg,2097,2040,-57,815,2006,Codeforces Round 969 (Div. 1)
p__ce1052,2177,2105,-72,816,2006,Codeforces Round 969 (Div. 1)
bestlulutw,1928,1907,-21,817,2006,Codeforces Round 969 (Div. 1)
alinp,2166,2095,-71,818,2006,Codeforces Round 969 (Div. 1)
envariant,1994,1957,-37,819,2006,Codeforces Round 969 (Div. 1)
__chtholly__,2125,2061,-64,819,2006,Codeforces Round 969 (Div. 1)
4qqqq,1924,1903,-21,821,2006,Codeforces Round 969 (Div. 1)
cyfmd,1972,1939,-33,822,2006,Codeforces Round 969 (Div. 1)
Nika_Tamliani,2217,2136,-81,823,2006,Codeforces Round 969 (Div. 1)
egge,2111,2049,-62,823,2006,Codeforces Round 969 (Div. 1)
code_like_jiangly,2125,2060,-65,825,2006,Codeforces Round 969 (Div. 1)
fahimcp495,2049,1999,-50,825,2006,Codeforces Round 969 (Div. 1)
GidrAcH,2123,2058,-65,827,2006,Codeforces Round 969 (Div. 1)
Asbjorn,2102,2041,-61,828,2006,Codeforces Round 969 (Div. 1)
ZhiGeBaiShui,1949,1919,-30,829,2006,Codeforces Round 969 (Div. 1)
zsombor,2143,2074,-69,829,2006,Codeforces Round 969 (Div. 1)
mr_swashbuckler,2038,1988,-50,831,2006,Codeforces Round 969 (Div. 1)
Apteryxx,2079,2021,-58,831,2006,Codeforces Round 969 (Div. 1)
Birds,2061,2007,-54,833,2006,Codeforces Round 969 (Div. 1)
djs100201,2209,2127,-82,834,2006,Codeforces Round 969 (Div. 1)
masonpop,1906,1884,-22,835,2006,Codeforces Round 969 (Div. 1)
space_leo,2035,1985,-50,835,2006,Codeforces Round 969 (Div. 1)
Enigmurl,2031,1982,-49,837,2006,Codeforces Round 969 (Div. 1)
-_TIMOFEY_-,2298,2200,-98,838,2006,Codeforces Round 969 (Div. 1)
De3b0o,1934,1905,-29,839,2006,Codeforces Round 969 (Div. 1)
wuhudsm,1960,1925,-35,840,2006,Codeforces Round 969 (Div. 1)
wind_cross,2206,2124,-82,841,2006,Codeforces Round 969 (Div. 1)
SirTechnical,2111,2045,-66,841,2006,Codeforces Round 969 (Div. 1)
sai-17,2159,2084,-75,843,2006,Codeforces Round 969 (Div. 1)
wangmarui,1953,1918,-35,844,2006,Codeforces Round 969 (Div. 1)
Konobeitsev_Ivan,2062,2004,-58,845,2006,Codeforces Round 969 (Div. 1)
mzmz001,2149,2075,-74,845,2006,Codeforces Round 969 (Div. 1)
yud08,2032,1980,-52,845,2006,Codeforces Round 969 (Div. 1)
qusol,2199,2117,-82,845,2006,Codeforces Round 969 (Div. 1)
Dino_saur,1990,1946,-44,849,2006,Codeforces Round 969 (Div. 1)
stan23456,2138,2066,-72,850,2006,Codeforces Round 969 (Div. 1)
Moeebius,2194,2112,-82,851,2006,Codeforces Round 969 (Div. 1)
Retired_shstyle,2058,2000,-58,852,2006,Codeforces Round 969 (Div. 1)
I_am_Domik,1924,1893,-31,853,2006,Codeforces Round 969 (Div. 1)
niike0goood,2124,2053,-71,854,2006,Codeforces Round 969 (Div. 1)
JeffreyLC,2155,2079,-76,855,2006,Codeforces Round 969 (Div. 1)
ballpoint_pen,2307,2205,-102,855,2006,Codeforces Round 969 (Div. 1)
Watersphere,1993,1946,-47,857,2006,Codeforces Round 969 (Div. 1)
bleh0.5,1900,1873,-27,858,2006,Codeforces Round 969 (Div. 1)
N00BGH0ST,2142,2067,-75,859,2006,Codeforces Round 969 (Div. 1)
ma_moutahid,1944,1906,-38,860,2006,Codeforces Round 969 (Div. 1)
SpinSpen,2217,2129,-88,861,2006,Codeforces Round 969 (Div. 1)
bananasaur,2198,2113,-85,861,2006,Codeforces Round 969 (Div. 1)
Intellegent,2258,2163,-95,863,2006,Codeforces Round 969 (Div. 1)
robotolev,2102,2033,-69,864,2006,Codeforces Round 969 (Div. 1)
NovusStellachan,2139,2063,-76,864,2006,Codeforces Round 969 (Div. 1)
Selnev,2033,1976,-57,864,2006,Codeforces Round 969 (Div. 1)
Daveeed,2048,1988,-60,867,2006,Codeforces Round 969 (Div. 1)
binap,2117,2045,-72,867,2006,Codeforces Round 969 (Div. 1)
CodigoL,2200,2114,-86,869,2006,Codeforces Round 969 (Div. 1)
Taibo,1931,1893,-38,870,2006,Codeforces Round 969 (Div. 1)
Timonnable,1922,1886,-36,871,2006,Codeforces Round 969 (Div. 1)
sg0071729,2283,2183,-100,872,2006,Codeforces Round 969 (Div. 1)
Yugi.Hacker,1914,1879,-35,873,2006,Codeforces Round 969 (Div. 1)
polosatic,2144,2066,-78,874,2006,Codeforces Round 969 (Div. 1)
igeee,2024,1966,-58,875,2006,Codeforces Round 969 (Div. 1)
huyhasun,2048,1985,-63,876,2006,Codeforces Round 969 (Div. 1)
TwinHter,1913,1876,-37,876,2006,Codeforces Round 969 (Div. 1)
Intrigue,1956,1910,-46,876,2006,Codeforces Round 969 (Div. 1)
yanyutao,2203,2114,-89,879,2006,Codeforces Round 969 (Div. 1)
unlock,2016,1958,-58,880,2006,Codeforces Round 969 (Div. 1)
mncuchiinhuttt,1981,1929,-52,880,2006,Codeforces Round 969 (Div. 1)
LetterC67,2142,2062,-80,880,2006,Codeforces Round 969 (Div. 1)
MrPizza,1975,1924,-51,883,2006,Codeforces Round 969 (Div. 1)
AbdoSa3d,1993,1938,-55,884,2006,Codeforces Round 969 (Div. 1)
chsuhan,2125,2048,-77,885,2006,Codeforces Round 969 (Div. 1)
leanil,1920,1879,-41,886,2006,Codeforces Round 969 (Div. 1)
xuanxr,2050,1984,-66,887,2006,Codeforces Round 969 (Div. 1)
LiHn,2138,2058,-80,887,2006,Codeforces Round 969 (Div. 1)
ilyastarost,2192,2103,-89,889,2006,Codeforces Round 969 (Div. 1)
solver11,1995,1938,-57,889,2006,Codeforces Round 969 (Div. 1)
DL1009,1902,1863,-39,891,2006,Codeforces Round 969 (Div. 1)
kzyKT,2141,2060,-81,892,2006,Codeforces Round 969 (Div. 1)
dqjm,2089,2016,-73,893,2006,Codeforces Round 969 (Div. 1)
YolandaLi,2151,2110,-41,894,2006,Codeforces Round 969 (Div. 1)
chenyanbo,2458,2325,-133,895,2006,Codeforces Round 969 (Div. 1)
Leftist_G,1910,1868,-42,896,2006,Codeforces Round 969 (Div. 1)
Ferume,2137,2055,-82,897,2006,Codeforces Round 969 (Div. 1)
hesham,1937,1889,-48,898,2006,Codeforces Round 969 (Div. 1)
piyush_pransukhka,2116,2037,-79,899,2006,Codeforces Round 969 (Div. 1)
SubmissionRejected,2080,2007,-73,900,2006,Codeforces Round 969 (Div. 1)
fairytaleqwq,2043,1975,-68,901,2006,Codeforces Round 969 (Div. 1)
Wilson_Inversion,2147,2063,-84,902,2006,Codeforces Round 969 (Div. 1)
Runaway,2120,2040,-80,903,2006,Codeforces Round 969 (Div. 1)
hxano,1943,1892,-51,904,2006,Codeforces Round 969 (Div. 1)
greencis,2151,2065,-86,905,2006,Codeforces Round 969 (Div. 1)
czhang2718,2209,2114,-95,906,2006,Codeforces Round 969 (Div. 1)
Mtaylor,2284,2178,-106,907,2006,Codeforces Round 969 (Div. 1)
fishy15,2177,2087,-90,908,2006,Codeforces Round 969 (Div. 1)
samliu12,2176,2086,-90,909,2006,Codeforces Round 969 (Div. 1)
pepi_angelov,1938,1886,-52,910,2006,Codeforces Round 969 (Div. 1)
fangz,2022,1955,-67,911,2006,Codeforces Round 969 (Div. 1)
eggegg185,2273,2168,-105,912,2006,Codeforces Round 969 (Div. 1)
xrz0911,1928,1877,-51,913,2006,Codeforces Round 969 (Div. 1)
drath10,1965,1907,-58,914,2006,Codeforces Round 969 (Div. 1)
guoxiangyu,2014,1947,-67,915,2006,Codeforces Round 969 (Div. 1)
8Conan8,2300,2190,-110,916,2006,Codeforces Round 969 (Div. 1)
Mukundan314,1901,1853,-48,917,2006,Codeforces Round 969 (Div. 1)
dusty.and.rusty,1957,1899,-58,918,2006,Codeforces Round 969 (Div. 1)
dztlb,1906,1857,-49,919,2006,Codeforces Round 969 (Div. 1)
anton6,2114,2031,-83,920,2006,Codeforces Round 969 (Div. 1)
astilate,1998,1932,-66,921,2006,Codeforces Round 969 (Div. 1)
vlp,2189,2094,-95,922,2006,Codeforces Round 969 (Div. 1)
purplevine,1987,1922,-65,923,2006,Codeforces Round 969 (Div. 1)
ococonomy1,2144,2056,-88,924,2006,Codeforces Round 969 (Div. 1)
EricWan,2013,1943,-70,925,2006,Codeforces Round 969 (Div. 1)
Divine_Spark,2102,2019,-83,925,2006,Codeforces Round 969 (Div. 1)
defnotmee,2586,2426,-160,927,2006,Codeforces Round 969 (Div. 1)
sunzz3183,2034,1961,-73,927,2006,Codeforces Round 969 (Div. 1)
AshrafSustS19,2073,1994,-79,929,2006,Codeforces Round 969 (Div. 1)
lucky__389,1936,1877,-59,930,2006,Codeforces Round 969 (Div. 1)
MagentaCobra,2017,1945,-72,931,2006,Codeforces Round 969 (Div. 1)
ThisWasUnplanned,2106,2021,-85,932,2006,Codeforces Round 969 (Div. 1)
remmymilkyway,1904,1850,-54,933,2006,Codeforces Round 969 (Div. 1)
DualRed,1945,1884,-61,934,2006,Codeforces Round 969 (Div. 1)
d.o.,2144,2053,-91,935,2006,Codeforces Round 969 (Div. 1)
qfl_zzz,1913,1856,-57,935,2006,Codeforces Round 969 (Div. 1)
zenlog,2177,2081,-96,937,2006,Codeforces Round 969 (Div. 1)
Ayalla,1923,1864,-59,938,2006,Codeforces Round 969 (Div. 1)
Rodionno,2100,2015,-85,939,2006,Codeforces Round 969 (Div. 1)
aPNJ777,2126,2037,-89,940,2006,Codeforces Round 969 (Div. 1)
ereoth,1989,1919,-70,941,2006,Codeforces Round 969 (Div. 1)
csegura,1916,1857,-59,942,2006,Codeforces Round 969 (Div. 1)
Anhdung147,2250,2143,-107,943,2006,Codeforces Round 969 (Div. 1)
d3press3d,1956,1890,-66,943,2006,Codeforces Round 969 (Div. 1)
onlytrall,1936,1872,-64,945,2006,Codeforces Round 969 (Div. 1)
Nazivin,1919,1858,-61,946,2006,Codeforces Round 969 (Div. 1)
xvzhiming,2113,2024,-89,947,2006,Codeforces Round 969 (Div. 1)
annyeong1,2017,1941,-76,947,2006,Codeforces Round 969 (Div. 1)
dimash1,2130,2038,-92,949,2006,Codeforces Round 969 (Div. 1)
raphaelp,2044,1964,-80,949,2006,Codeforces Round 969 (Div. 1)
cherryk,2104,2015,-89,951,2006,Codeforces Round 969 (Div. 1)
sv1shan,2049,1967,-82,952,2006,Codeforces Round 969 (Div. 1)
JELlylous,1930,1864,-66,953,2006,Codeforces Round 969 (Div. 1)
Sunnatov,2234,2127,-107,954,2006,Codeforces Round 969 (Div. 1)
Kouba64,2083,2040,-43,955,2006,Codeforces Round 969 (Div. 1)
Keeeeepy,1933,1866,-67,956,2006,Codeforces Round 969 (Div. 1)
guominzhengdang,1963,1891,-72,957,2006,Codeforces Round 969 (Div. 1)
int233233,2135,2041,-94,957,2006,Codeforces Round 969 (Div. 1)
Tyx2019,2179,2079,-100,959,2006,Codeforces Round 969 (Div. 1)
I_HATE_CONSTRUCTIVES,2080,1992,-88,960,2006,Codeforces Round 969 (Div. 1)
andrey.m,2043,1959,-84,960,2006,Codeforces Round 969 (Div. 1)
Pirate_King,1911,1845,-66,960,2006,Codeforces Round 969 (Div. 1)
aries_yff,1963,1889,-74,963,2006,Codeforces Round 969 (Div. 1)
Jin_Silk,2003,1924,-79,964,2006,Codeforces Round 969 (Div. 1)
ibrm,1930,1860,-70,964,2006,Codeforces Round 969 (Div. 1)
Nakano_Yotsuba,1911,1843,-68,966,2006,Codeforces Round 969 (Div. 1)
AustinJiang,1904,1836,-68,967,2006,Codeforces Round 969 (Div. 1)
IATI_Gold,2178,2076,-102,967,2006,Codeforces Round 969 (Div. 1)
SL0NYARA,2050,1964,-86,969,2006,Codeforces Round 969 (Div. 1)
alllife,2050,1963,-87,970,2006,Codeforces Round 969 (Div. 1)
gigachau,1948,1874,-74,970,2006,Codeforces Round 969 (Div. 1)
zkw465,1950,1875,-75,972,2006,Codeforces Round 969 (Div. 1)
farkon00,2216,2109,-107,973,2006,Codeforces Round 969 (Div. 1)
radlergaenger,1996,1915,-81,974,2006,Codeforces Round 969 (Div. 1)
dongggle,2181,2078,-103,975,2006,Codeforces Round 969 (Div. 1)
Arnob,1950,1873,-77,976,2006,Codeforces Round 969 (Div. 1)
tepchik,2069,1979,-90,976,2006,Codeforces Round 969 (Div. 1)
I_love_maxaxaxaxa,1967,1888,-79,978,2006,Codeforces Round 969 (Div. 1)
kinnikuma,2035,1948,-87,979,2006,Codeforces Round 969 (Div. 1)
Sanam007_2,1909,1836,-73,980,2006,Codeforces Round 969 (Div. 1)
Surver,2028,1941,-87,981,2006,Codeforces Round 969 (Div. 1)
mxfld,1912,1838,-74,981,2006,Codeforces Round 969 (Div. 1)
wilson_,1953,1874,-79,983,2006,Codeforces Round 969 (Div. 1)
Proof_by_QED,2007,1922,-85,984,2006,Codeforces Round 969 (Div. 1)
harshaa005,1932,1854,-78,985,2006,Codeforces Round 969 (Div. 1)
jununu0811,2010,1924,-86,986,2006,Codeforces Round 969 (Div. 1)
PMPuns,2165,2061,-104,987,2006,Codeforces Round 969 (Div. 1)
yueyuanzhiyyz,1973,1890,-83,988,2006,Codeforces Round 969 (Div. 1)
ren_fan,1906,1830,-76,988,2006,Codeforces Round 969 (Div. 1)
romarkovets,2163,2059,-104,990,2006,Codeforces Round 969 (Div. 1)
SoReMore,1994,1908,-86,991,2006,Codeforces Round 969 (Div. 1)
ngocnghia,1910,1877,-33,992,2006,Codeforces Round 969 (Div. 1)
Lucina,2281,2162,-119,993,2006,Codeforces Round 969 (Div. 1)
Amao_Fox,2022,1932,-90,994,2006,Codeforces Round 969 (Div. 1)
bluerar,1918,1838,-80,994,2006,Codeforces Round 969 (Div. 1)
pdpgp1,1969,1884,-85,996,2006,Codeforces Round 969 (Div. 1)
L_Lawliet_returns,2011,1921,-90,997,2006,Codeforces Round 969 (Div. 1)
thehunterjames,1946,1862,-84,998,2006,Codeforces Round 969 (Div. 1)
mita,1959,1874,-85,999,2006,Codeforces Round 969 (Div. 1)
fanwen,1958,1872,-86,1000,2006,Codeforces Round 969 (Div. 1)
lvle,2103,2003,-100,1001,2006,Codeforces Round 969 (Div. 1)
aastik231205,1928,1844,-84,1002,2006,Codeforces Round 969 (Div. 1)
aditya_coder7,2024,1931,-93,1003,2006,Codeforces Round 969 (Div. 1)
happy_lazier,1904,1822,-82,1004,2006,Codeforces Round 969 (Div. 1)
Away_in_the_heavens,1943,1857,-86,1005,2006,Codeforces Round 969 (Div. 1)
shubham6105,1903,1820,-83,1006,2006,Codeforces Round 969 (Div. 1)
pantom,1917,1832,-85,1007,2006,Codeforces Round 969 (Div. 1)
jamil314,1933,1846,-87,1008,2006,Codeforces Round 969 (Div. 1)
DerrickLo,1954,1860,-94,1009,2006,Codeforces Round 969 (Div. 1)
XZRSEVEN,2075,1972,-103,1009,2006,Codeforces Round 969 (Div. 1)
year2202,2108,2048,-60,1009,2006,Codeforces Round 969 (Div. 1)
duck_pear,2111,2005,-106,1009,2006,Codeforces Round 969 (Div. 1)
6ziv,2159,2049,-110,1009,2006,Codeforces Round 969 (Div. 1)
sunkaihuan,2155,2045,-110,1009,2006,Codeforces Round 969 (Div. 1)
Wxssim,2186,2073,-113,1009,2006,Codeforces Round 969 (Div. 1)
SeaYellow,1907,1815,-92,1009,2006,Codeforces Round 969 (Div. 1)
Lehe,2048,1947,-101,1009,2006,Codeforces Round 969 (Div. 1)
k1suxu,2157,2047,-110,1009,2006,Codeforces Round 969 (Div. 1)
Mr.Pie,1949,1855,-94,1009,2006,Codeforces Round 969 (Div. 1)
DGME,1919,1827,-92,1009,2006,Codeforces Round 969 (Div. 1)
Elup,2133,2025,-108,1009,2006,Codeforces Round 969 (Div. 1)
su_da,2134,2026,-108,1009,2006,Codeforces Round 969 (Div. 1)
RabbieWjy,2001,1904,-97,1009,2006,Codeforces Round 969 (Div. 1)
DmitryLzr,2148,2039,-109,1009,2006,Codeforces Round 969 (Div. 1)
