Job_title,Description,Distric,Modalidad
Desarrollador Senior Java,"En NTT DATA estamos buscando profesionales con experiencia como BACKEND JAVA - MICROSERVICIOS, apasionados por las tecnologías para formar parte de nuestro staff, participar en proyectos grandes y asumir nuevos retos. Nuestro talento nos ha hecho poder decir con orgullo que somos una de las 6 empresas TOP de tecnologías del mundo. Para incorporarte a nuestro equipo tendrás que contar con los siguientes requisitos: Si te encuentras interesado y cumples con los requisitos, hazme llegar tu CV Actualizado, Disponibilidad y Pretensiones a: mguardia(arroba)emeal.nttdata.com “NTTDATA mantiene una política de contratación inclusiva, por lo que invita a cualquier persona a participar en el proceso de selección de la referencia",Lima,Híbrido
Software Architect,"Por encargo de nuestro cliente INTERSEGURO, empresa certificada como Great Place to Work y parte del Grupo INTERCORP, nos encontramos en la búsqueda de un(a) Software Architect. 🚀Lo que buscamos: Node.js (2-3 años de experiencia): Habilidades sólidas en desarrollo backend. Cloud (GCP, AWS o Azure) (1 año): Tu experiencia en la nube puede marcar la diferencia. Contenedores (Docker) (1 año): Habilidades esenciales para la infraestructura moderna. Bases de Datos SQL/MongoDB (3 años): Expertise en bases de datos relacionales y no relacionales. Principios SOLID / Clean Code (1 año): Si sigues buenas prácticas y te apasiona escribir código limpio, te queremos en el equipo. Microservicios - Event Driven (Deseable): Si tienes experiencia con arquitecturas de microservicios, ¡será un plus! Frontend React (Deseable): Si sabes algo de React, ¡mejor aún! 💻 Lo que harás: Desarrollarás soluciones innovadoras de backend usando Node.js. Trabajarás con las últimas tecnologías en cloud computing y contenedores. Colaborarás en un entorno ágil y dinámico, donde tu experiencia será clave para el crecimiento de la infraestructura y arquitectura. 🧑‍💻 Lo que ofrecemos: Planilla directa del cliente.(Contrato Indeterminado). EPS cubierto al 100% Modalidad Híbrida. Oportunidad de trabajar en proyectos desafiantes y de alto impacto. Un entorno colaborativo donde tu voz será escuchada. ¡Posibilidad de crecer con nosotros mientras seguimos innovando!",San Isidro,Híbrido
Analista Programador Power Builder Junior,"Importante empresa del sector, se encuentra en la búsqueda de un Analista Junior, Programador Power Builder que cumple con el siguiente perfil: Requisitos: Egresado técnico o Universitartio de Ing. Sistemas. Contar con 1 año de exp. minima en el cargo. Experiencia con Microsoft Visual SourceSafe Explorer. Manejo de herramientas como Oracle , base de datos, elaborar scripts y procedimientos. Experiencia en Programación PowerBuilder 1 1, 1 2, o posterior. Experiencia con Html, asp, javascript, jquery Java (Deseable). Funciones: Analizar, diseñar, desarrollar e implementar nuevas soluciones o proyectos informáticos mediante el uso de las tecnologías de información, dar mantenimiento y soporte a los sistemas del cliente servidor. Mantener la disponibilidad de los sistemas educativos y administrativos de la organización de manera proactiva. Administrar el óptimo funcionamiento de los sistemas y encontrar oportunidades de mejora. Beneficios: Trabajo remoto. Sueldo mensual acorde al mercado. Convenios con instituciones educativas. .Planilla completa",Lima,Remoto
DESARROLLADOR FRONT IOS,"Summit Consulting es una empresa líder en soluciones tecnológicas, comprometida con el desarrollo de proyectos innovadores y la mejora constante de nuestros servicios. Actualmente, estamos en búsqueda de un Desarrollador Front-end Android altamente motivado y con experiencia para unirse a nuestro equipo dinámico. Requisitos: Mínimo 3 años desarrollando aplicaciones nativas para iOS preferiblemente para el sector financiero. Experiencia en desarrollo de interfaces (UI/UX) optimizadas, intuitivas y accesibles. Conocimiento comprobado y sólido en frameworks para iOS y Android, manejo de APIs RESTful. Experiencia trabajando bajo metodologías ágiles (Scrum) y cascada. Familiarizado con herramientas de integración continua (CI/CD). Conocimientos comprobados en SWIFT Formación Académica: Técnico en las Carreras: Ingeniería de Sistemas, Ingeniería Informática, Ingeniería de Software o afines. Bachiller y afines Titulación y afines Especialización: Desarrollar Nativo ¡OS - Avanzado Diseño y Experiencia de Usuario (UI/UX) - Intermedio Metodologías Ágiles / Cascada - Intermedia Otros conocimientos: Ofimática (Word, Excel, PowerPoint) – Intermedio Ingles a nivel intermedio (deseable) – Intermedio Manejo de Jira – Intermedio Competencias Pensamiento Crítico Resolución de Problemas Comunicación Asertiva Trabajo en equipo Flexibilidad al cambio Empatía Negociación Toma de Decisiones Liderazgo Orientación a Resultados Objetivo del Puesto: Desarrollar interfaces atractivas, seguras y altamente funcionales en aplicaciones nativas para iOS, asegurando experiencias óptimas para el usuario y alineadas a los objetivos bajo metodologías ágiles y/o cascada. Funciones del Puesto: Disponibilidad para laborar de lunes a viernes de 8:00 am - 6:45 pm Desarrollar aplicaciones móviles nativas para iOS utilizando frameworks actuales. Implementar interfaces de usuario optimizadas basadas en diseños y principios UI/UX, asegurando accesibilidad y rendimiento. Integrar servicios y APIs RESTful, manejando respuestas JSON y consumo eficiente de recursos. Aplicar y promover buenas prácticas técnicas: Clean Architecture, patrones de diseño, modularización y Testing Automatizado (unitario y UI). Participar activamente en revisiones de código, manteniendo estándares de calidad y seguridad. Coordinar estrechamente con los equipos de diseño UX/UI, backend y QA para asegurar una integración efectiva. Documentar adecuadamente código y arquitectura técnica. Proponer mejoras técnicas y funcionales que impulsen la innovación continua y la calidad del producto. Si cuentas con las habilidades y experiencia necesarias para esta posición, no dudes en postular. Estamos ansiosos por recibir tu aplicación y conocer más acerca de ti. 🔔 ¡Únete a nuestro equipo y sé parte del éxito de Summit SAC! (NOTA: Solo se va considerar los postulantes que cumplan específicamente con el perfil)",Comas,Híbrido
Analista Programador de Tecnologías de la información,Requisitos: Profesionales en Ingenieria de Sistemas o carreras a fines Manejo de Office a nivel avanzado 3 años de experiencia laboral como mínimo en el desarrollo de aplicaciones Web sobre Plataforma en .Net y base de datos.- Experiencia en Desarrollo e implementación sistemas. Experiencia en desarrollo de proyectos particulares Habilidades duras: *SQL server experto *JavaScript (Jquery y Json) experto *Aplicaciones web responsive experto *Visual sstudio 2019 C# experto *Visual studio 2010 C# intermedio *Python intermedio (u otras herramientas de IA) *Team Foundation *Azure Devops Habilidades blandas: *Capacidad de análisis *Lógica *Comunicación *Proactividad Funciones: Desarrollo de softwares según la necesidad de la empresa. Documentar todos los softwares desarrollados. Impulsar y promover el uso de herramientas de inteligencia artificial en los proyectos. Detección de oportunidades y proponer mejoras según análisis Optimizar constantemente todas las capas del software desde la base de datos hasta el front - end. Cumplir y hacer cumplir los procedimientos de la empresa. Participar en reuniones con los diversos equipos involucrados para definir la solución de las iniciativas. Cumplir con los tiempos asignados en los desarrollos de requerimientos de usuario y reportar avances de las actividades realizadas. Velar por el correcto funcionamiento de los softwares desarrollados permanentemente..,El Agustino,Presencial
Frontend Developer React,"ZUTUN. es una empresa de software boutique con amplia experiencia en banca, seguros, fintech y retail. Nuestro colectivo funciona como un verdadero equipo, valorando la colaboración, la sinergia y el apoyo mutuo entre nuestros miembros, reconociendo que el talento es el núcleo y el equipo es quien juega el partido. Te invitamos a participar de proceso FRONTEND DEVELOPER REACT y ser parte de esta experiencia: REQUISITOS: Experiencia mínima de 2 años con React JS en aplicaciones SSG (Static Site Generation). Experiencia mínima de 2 años de experiencia Typescript. Experiencia de 1 año con aplicaciones web SSR (Server Side Rendering) o híbridas desarrolladas con Node. CSS avanzado: Animaciones, variables, preprocesadores (SASS/SCSS). Frameworks de CSS: Tailwind CSS, Materialize. Conocimiento de patrones de diseño aplicado al frontend. Manejo de Git (GitHub o GitLab) Pruebas unitarias. Aplicación de semanticismo y accesibilidad en la web. Ideal conocimiento de: Core Web Vitals, SEO, Analítica digital (Ej. Google Analytics), AWS, IaC, Plataformas, ARC XP (CMS) y/o PIANO. ¿QUE OFRECEMOS? Oportunidades de aprendizaje, donde tú eres responsable de tu desarrollo. Trabajo en base al sentido común, metas, flexibilidad de horarios y de manera hibrida. Una organización totalmente horizontal, donde se escuchan tus ideas y opiniones, sin jerarquías ni egos, basado en nuestra cultura C+ Consideraciones: Recibo por honorarios, tiempo de contratación: 3 meses renovables.",Pueblo Libre,Híbrido
Analista Programador de Sistemas - Híbrido,"Tecsup, instituto líder en educación tecnológica con 40 años en el mercado formando profesionales innovadores y éticos. Reconocido como una de las mejores instituciones educativas para trabajar. ¡Postula y únete a nuestra COMUNIDAD DE INNOVADORES! En esta oportunidad se busca un Analista Programador de Sistemas con las siguientes características: Perfil Profesional: Profesional de la carrera de Desarrollo de Software o similares. Experiencia mínima de 5 años como programador de sistemas, Desarrollador Full Stack de sistemas o similares. Conocimiento en Lenguaje de Programación JAVA, JavaScript, JSON, Angular. Conocimiento de estandares de diseño web. Conocimiento de PL/SQL. Conocimiento en metodologías ágiles. Funciones: Atender los requerimientos de los usuarios para mejora o nuevas funcionalidades de los sistemas de información. Analizar los requerimientos del usuario, con la finalidad de entender las necesidades correspondientes. Plantear mejoras a las aplicaciones existentes con la finalidad de agilizar el trabajo del usuarioRealizar el control de calidad de las aplicaciones para un correcto funcionamiento del mismo. Realizar el mantenimiento de aplicaciones por nuevas funcionalidades solicitadas por el usuario. Investigar y proponer nuevas herramientas de TI en el mercado en lugar de desarrollarlas. Asesorar a otras áreas en los proyectos relacionados a TI. Capacitar al usuario en el uso de la aplicación a fin de mantener permanentemente actualizado frente a los cambios tecnológicos. Elaborar y actualizar los manuales de usuario para el uso de los colaboradoresMonitorear el avance de las actividades asignadas a los programadores web. Elaborar y actualizar la documentación de los sistemas informaticos existentes. Desarrollar nuevas aplicaciones para atender las necesidades de los usuarios. Importante considerar: Modalidad de trabajo: Hibrido Horario de trabajo: Lunes a Viernes de 8:00 am a 6:00pm Lugar de Trabajo: Santa Anita ""En Tecsup nos comprometemos con la igualdad de oportunidades. Todas las personas serán consideradas en el proceso de postulación"".",Santa Anita,Híbrido
Programador Frontend Junior / Presencial,"En Experis Perú buscamos al mejor talento para sumarse a los desafíos de la era digital y llevar su carrera a un siguiente nivel. Por ello, te invitamos a que formes parte del reto como Programador Frontend Junior para el sector tecnología: Requisitos: 2 años de experiencia trabajando con React JS en aplicaciones SSG (Static Site Generation) 1 año de Experiencia con aplicaciones web SSR (Server Side Rendering) o híbridas desarrolladas con Node. 2 años de experiencia trabajando con Typescript. Manejo avanzado de CSS: Animaciones, variables, preprocesadores (SASS/SCSS). Uso de frameworks de CSS: Tailwind CSS, Materialize. Conocimiento de patrones de diseño aplicado en el frontend. Manejo de control de versiones con Git en GitHub o GitLab. Pruebas unitarias. Funciones: Desarrollo frontend: Implementación de interfaces, optimización de rendimiento, integración de APIs Testing y documentación Colaboración y reuniones técnicas Beneficios: Únete a una empresa líder a nivel global. Salario acorde al mercado. Grato ambiente laboral. Beneficios corporativos y capacitación constante. Ingreso a planilla, con todos los beneficios de ley. En Experis Perú, promovemos la inclusión e inserción laboral sin distinción por razón de discapacidad, género, orientación, identidad y expresión de género, lugar de origen o generación. Por ello ¡Todos los talentos son bienvenidos!",La Victoria,Presencial
Analista Programador,"More digital. More human. More Minsait. Somos una empresa líder global en tecnología y consultoría digital que conecta personas, tecnología y negocios para generar crecimiento, transformación e impacto positivo y sostenible. ¿A quién buscamos? Buscamos Analista Programador con experiencia en el rubro y ganas de sumarse a nuestros equipos multidisciplinarios para desarrollar soluciones innovadoras. Requisitos: Egresados o bachiller de ingeniería de software o carreras afines. 2 a 3 años de experiencia en desarrollo e integración de sistemas. Diseño y desarrollo de soluciones con Apache NiFi. Desarrollo en Groovy para manipulación de datos. Implementación de componentes en SQL. Experiencia con bases de datos SQL y NoSQL. Desarrollo de integraciones de sistemas y procesos ETL (Extract, Transform, Load). Diagnóstico y solución de errores en los programas. Implementación de medidas de seguridad en las soluciones desarrolladas. Colaboración con equipos de desarrollo y operaciones para la implementación y mantenimiento de aplicaciones. Comunicación efectiva con los stakeholders sobre avances del proyecto. Conocimientos valorados (Deseables): Creación y optimización de flujos de datos en Apache NiFi. Scripting con Groovy. Protocolos de comunicación: REST, MQTT, Kafka, JMS. Monitoreo y logging para seguimiento de procesos. Condiciones de trabajo: Modalidad Híbrida (2 veces por semana en oficinas) en el distrito de San Isidro. Horario de trabajo de Lunes a Viernes de 9:00am a 6:30pm. Beneficios: Planilla Completa desde el 1er día de trabajo. Cobertura al 100% de EPS. Convenios Corporativos. Acceso ilimitado a cursos y certificaciones online en Udemy. Crecimiento y desarrollo profesional. ¡Anímate y postula con nosotros!",San Isidro,Híbrido
FullStack Developer - Por proyecto,"Funciones: Diseñar, desarrollar e implementar aplicaciones web y móviles con buenas prácticas de desarrollo. Implementar y consumir APIs REST para la integración eficiente entre sistemas. Gestionar repositorios y entornos de desarrollo con Git, GitHub o Bitbucket. Configurar y administrar contenedores con Docker y Kubernetes para optimizar despliegues. Trabajar junto al Product Owner para refinar historias de usuario y asegurar una correcta interpretación de los requerimientos. Requisitos: Profesional egresado o bachiller en Ingeniería de Sistemas, Informática o carreras afines. Capacidad de supervisión sin ejercer un rol de liderazgo técnico formal. Conocimientos y experiencia: Experiencia en desarrollo Full Stack. Manejo de tecnologías de frontend (Angular,JavaScript,Bootstrap) y backend (Python y PHP) Conocimientos en bases de datos SQL y/o NoSQL. Ofrecemos: Proyecto de 3 meses (renovable) Presencial 100% ( a partir del 4to mes hibrido) Sede en la victoria (st catalina) Lunes a viernes de 9:00 a. m. a 6:00 p. m. RXH Equipos",Cercado De Lima,Presencial
Desarrollador Java/Oracle weblogic,"🌟 ¡ÚNETE A INDRA Y CREA EL FUTURO DE LA TECNOLOGÍA! 🚀 En Indra seguimos creciendo y buscamos a un Desarrollador Java/Oracle WebLogic para formar parte de nuestro equipo. Si eres un apasionado de la tecnología, tienes experiencia en plataformas de datos y quieres formar parte de una empresa global en constante innovación, ¡este es tu lugar! Requisitos: Egresados o bachiller de ingeniería de software o carreras afines. Experiencia en Desarrollo Java, Framework: Hibernate, Spring boot , servicio y microservicios | IDE: Eclipse. Experiencia en tecnologías basadas en Javascript (Sencha| Ext.js) – Indispensable. Experiencia en Administración y despliegue en servidores Oracle, WebLogic, WAS y JBoss. Experiencia en Oracle Cloud Infrastructure (OCI). Experiencia en Oracle Integration Cloud (OIC) Experiencia en Oracle REST Experiencia en Exadata Database Experiencia en Data Service (ORDS). Beneficios: 🚑 EPS 100% 📚 Acceso total a Udemy para tu desarrollo profesional. 🔖 Descuentos corporativos. 📈 Línea de carrera. 💆‍♀️ Kit ergonómico para laborar desde casa. 🧠 Atención psicológica. 🥦 Atención nutricional. Detalles de la posición: Modalidad: Híbrida (3 veces por semana en oficinas) Horario: Lunes a Viernes de 9:00am a 6:30pm. ¡Ven y únete a INDRA Minsait, donde la tecnología trabaja por un futuro más humano! 🌍 Nuestro compromiso es fomentar ambientes de trabajo inclusivos, basados en el respeto y la dignidad, garantizando igualdad de oportunidades y un entorno libre de discriminación en todos los niveles.",San Isidro,Híbrido
Analista Programador en Odoo (Python),"¡Buscamos un Desarrollador con experiencia en Odoo y Python! Si tienes experiencia en desarrollo con Odoo y Python y buscas un nuevo desafío, ¡esta oportunidad es para ti! 💻📊 Buscamos un Desarrollador que participe en el diseño, desarrollo e implementación de soluciones tecnológicas personalizadas en Odoo y otros sistemas. El candidato ideal debe tener sólidos conocimientos en desarrollo backend, tecnologías web y bases de datos, con interés en aprender y aplicar herramientas DevOps y trabajar con infraestructura en la nube. 📌 Requisitos 🎓 Formación Académica: ✅ Titulado, Bachiller o Técnico en Ingeniería de Sistemas, Computación, Software o carreras afines. 🛠️ Conocimientos Técnicos: 🔹 Experiencia en ERP Odoo: Desarrollo y personalización de módulos. 🔹 Dominio de Python para desarrollo backend. 🔹 Conocimiento en tecnologías web: HTML, CSS, JavaScript. 🔹 Manejo de bases de datos: PostgreSQL, SQL Server. 🔹 Experiencia con Git y control de versiones. 🔹 Deseable experiencia en herramientas DevOps (Docker, CI/CD) y Cloud (AWS, Google Cloud, Azure). 📌 Responsabilidades ✔ Desarrollar y personalizar módulos en Odoo según los requerimientos del negocio. ✔ Implementar soluciones backend y frontend con tecnologías modernas. ✔ Participar en la integración de sistemas y asegurar su correcto funcionamiento. ✔ Aplicar buenas prácticas de desarrollo para garantizar calidad y escalabilidad. ✔ Colaborar con el equipo técnico en la optimización del rendimiento del software. ✔ Documentar los desarrollos y brindar soporte técnico cuando sea necesario. 📌 Lo que ofrecemos ✨ Oportunidad de crecimiento y aprendizaje continuo. ✨ Participación en proyectos desafiantes y tecnologías innovadoras. ✨ Modalidad de trabajo flexible (según política de la empresa). ✨ Excelente ambiente de trabajo en equipo.",Lima,Presencial
Analista Programador - NodeJs/Web HTML,"Estamos en búsqueda de un profesional para cubrir la posición de: Analista Programador Misión: Ejecutar las actividades de análisis, diseño, programación y desarrollo de sistemas en concordancia con las necesidades requeridas por las áreas Requisitos: Profesionales de las carreras de computación e informática, ing de sistemas, afines. Experiencia de 2 años en programación. Sólidos conocimientos de NodeJS HTML + CSS Postgresql SQL Server Otros conocimiento: Desarrollo mobile, a Nivel Básico. Ciclo de vida de desarrollo, OWASP, Desarrollo Seguro (deseable). Funciones: Desarrollar soluciones de software según lo solicitado por el cliente interno. Diseñar la arquitectura y la estructura del sistema de software, incluyendo la creación de diagramas de flujo, modelos de datos y especificaciones técnicas. Escribir código limpio y eficiente utilizando diferentes lenguajes de programación y tecnologías según las necesidades del proyecto. Realizar pruebas de integración. Ofrecemos: Trabajo híbrido 2 veces por semana Lunes a viernes de 9am a 6pm EPS 100% Capacitación constante en nuevas técnologías Oportunidad de crecimiento a corto plazo Excelente clima laboral",Lima,Presencial
Desarrollador en Innovación y Automatización,"CSTI Corp es una empresa peruana líder en la industria TI con más de 15 años en el mercado en países como Perú, Ecuador, Colombia, Costa Rica y Estados Unidos. Ofrece soluciones de negocios en las líneas de Outsourcing, Licenciamientos SAP y Microsoft, soporte y mejora de aplicaciones, así como implementación y migración de sistemas bajo estrategias Cloud, aprovechando su alianza con marcas como Amazon, Azure, Huawei Cloud y Google Cloud. Estamos en búsqueda de un Desarrollador Senior en Innovación y Automatización para potenciar nuestras soluciones tecnológicas y optimizar procesos. 🔍 ¿Qué buscamos? Experiencia mínima de 5 años en una posición similar. Dominio avanzado de Python. Experiencia con Shell scripting (Bash & PowerShell). Conocimientos en sistemas operativos: Windows, Linux y AIX (intermedio). Experiencia en gestión de bases de datos. Dominio de transacciones SQL y Queries avanzados en MSSQL, MySQL. Desarrollo de aplicaciones en Python y JavaScript. Conocimiento avanzado de Ansible. Conocimientos intermedios en contenedores y Kubernetes. Experiencia con Git y GitHub para desarrollo colaborativo. Deseable experiencia como Full Stack Developer en Flask, Node.js, Angular y React. 💼 Beneficios: Ingreso a planilla desde el primer día con todos los beneficios de ley al 100%. Modalidad híbrida: 2 a 3 veces a la semana en oficina (La Molina o La Victoria). Horario: lunes a viernes, de 9:00 a.m. a 6:00 p.m. Convenios y descuentos corporativos en educación, entretenimiento y más. Oportunidad de crecimiento y desarrollo profesional en una empresa líder del sector TI. 📩 Si buscas un reto que impulse tu carrera, postula ahora y sé parte de la transformación digital con CSTI Corp! 🚀",Lima,Híbrido
Desarrollador DevOps - Híbrido,"CSTI Corp es una empresa peruana líder en la industria TI con más de 15 años en el mercado en países como Perú, Ecuador, Colombia, Costa Rica y Estados Unidos. Ofrece soluciones de negocios en las líneas de Outsourcing, Licenciamientos SAP y Microsoft, soporte y mejora de aplicaciones, así como implementación y migración de sistemas bajo estrategias Cloud, aprovechando su alianza con marcas como Amazon, Azure, Huawei Cloud y Google Cloud. Nos encontramos en la búsqueda de ""Desarrollador DevOps"": Requisitos: Experiencia de 2 a 3 años en desarrollo de aplicaciones de software. Experiencia en CI/CD para aplicaciones moviles (Android / iOS) y conocimiento de las diferentes tiendas de aplicaciones en donde se realiza el despliegue de nuevas versiones de aplicaciones web, mobile, etc. Experiencia creando pipelines de complejidad intermedia que involucre: Shell scripting, ansible, groovy. Experiencia en despliegue de componentes en Kubernetes. Experiencia trabajando en incidencias con herramientas DevSecOps. Experiencia en Frontend en prácticas de CI/CD para aplicaciones/componentes Front-end (compilación, tipos de despliegue, ofuscamiento, SCA, SAST e implementarlas de forma automatizada). Análisis de Requerimientos: trabajo con equipos para entender necesidades y diseñar soluciones en Jira - Conocimientosde metodologías ágiles (Scrum - Kanban). Conocimientos en Jira Software y Jira Service Management: Administración de proyectos, configuración de workflows, permisos y notificaciones. Conocimientos en Jira Assets (antes Insight): Gestión de activos dentro de Jira Service Management, creación de esquemas de objetos y relaciones. Conocimientos en Jira Automation: Creación de reglas automatizadas usando Triggers, condiciones y acciones para optimizar flujos de trabajo. Conocimiento del manejo de roles y permisos en Jira: configuración de esquemas de persmisos y acceso. Conocimiento de integraciones con directorios de usuarios. Conocimientos de programación y scripting en Jira REST Api. Conocimientos de integraciones de Jira con plataformas cloud (AWS, Azure o GCP). Conocimientos de programación Groovy. De preferencia conocimientos en programación Java, Python o Node js. Condiciones: Modalidad Hibrida 2 veces a la semana en oficina en Chorrillos. Salario bajo PLANILLA COMPLETA en CSTI. Horario de lunes a viernes de 8:00 am a 6:00pm. ¡Ven y únete al equipo de CSTI CORP!",Lima,Híbrido
Analista Programador FRONT-END - PRESENCIAL,"Somos Canvia, formamos parte del portafolio de Advent International y contamos con 34 años de presencia en el mercado local. Nuestro propósito es hacer más fácil la vida de las personas, innovando e implementando proyectos de transformación digital de nuestros clientes de manera ágil y segura. ¡Reinventa el futuro con Canvia! Si sientes pasión por la tecnología y quieres transformar negocios, esta es tu oportunidad para desarrollarte en una empresa inclusiva, diversa, que se desafía constantemente. Nuestro propósito es hacer más fácil la vida de las personas, innovando e implementando proyectos de transformación digital con un metodología ágil y segura. Como Analista Programador ANGULAR tendrás la misión de: Desarrollar la interfaz de usuario en Angular con Microfrontends. Implementar ngx-translate para la internacionalización. Optimizar el rendimiento de la interfaz con Lazy Loading y NgxRx. Integrar con Azure API Management y asegurar la correcta comunicación con el backend. Garantizar accesibilidad y compatibilidad en múltiples dispositivos. * REQUISITOS: Bachiller en la carrera de Ingeniería de sistemas, Ingeniería informática, Ingeniería electrónica, Ingeniería industrial o carreras afines. Experiencia no menor de 4 años como Analista programador o Analista de aplicaciones o similares. Manejo indispensable de ANGULAR, Microfrontends Experiencia con Lazy Loading y NgxRx. * BENEFICIOS: Te ofrecemos: Foco en tu desarrollo y línea de crecimiento a través de Canvia College, donde podrás potenciar tus conocimientos con cursos tendencia en tecnología y de gestión. La importancia de tu bienestar, por ejemplo, el que tengas tiempo libre el día de tu cumpleaños para que lo disfrutes con las personas que más quieres. Modalidad híbrida de trabajo, trabajo desde casa en la mayoría de nuestras posiciones. Ingresarás a planilla desde el primer día. Porque la salud es muy importante, te coberturamos la EPS en un 80%. Tendrás una tarjeta de alimentación. En esta empresa está prohibida la discriminación - Ley N° 29973",Lima,Presencial
ANALISTA PROGRAMADOR,"Importante Consultora en constante crecimiento se encuentra en la búsqueda analistas programadores que pasen a ser parte de un equipo de consultores consolidado, donde además de pertenecer a un grupo multidisciplinario, son capacitados con las metodologías utilizadas por la empresa. Se ofrece un grato ambiente de trabajo y la capacidad de desarrollo e innovación. También es importante que las personas tengan al menos 3 año de experiencia y que haya estudiado Ingeniería Ejecución Informática, Analista de Sistema, Técnico Informático o carrera afín. Ser requiere que la experiencia se en algunos de estos lenguajes: -Python -Java -IR -PHP -Visual Basic -Otros afín Se busca perosnas que sean ordenadas, disciplinadas, comprometidas y que tengan interés en aprender nuevas metodologías. Disponibilidad tiempo completo.",Lima,Remoto
Programador Jr,"FRACTAL Soluciones TI, Somos una empresa peruana de Consultoría en Gestión de Tecnología de la Información con más de 10 años en el mercado, que ofrece soluciones que contribuyen al mejoramiento de los procesos y negocios de nuestros clientes, basados en profesionales altamente calificados y aplicando los más altos estándares de calidad. Estamos en búsqueda de un talento para la posición de Programador Junior con el siguiente perfil: Requisitos Bachiller en Ingeniería de Sistemas, Informática o afines Experiencia laboral de al menos 1 año en el cargo - mandatorio Experiencia en el desarrollo de Aplicaciones Web con experiencia en uso de JQuery, CSS, HTML5, JavaScript. C# ASP .Net Framework 4.0 + / .Net Core 2.1 + Bases de datos SQL Server 2008+ y MySQL Web Service (REST) Conocimientos de Metodologías ágiles (Scrum) Funciones Desarrollo de aplicaciones web. Resolución de bugs. Pruebas y calidad del software. Documentación Colaboración en el equipo. ¿Qué te ofrecemos? Cursos libres en plataforma AWS Descuentos corporativos Actividades de bienestar y desarrollo Visítanos en: http://www.fractal.com.pe/ ¡Postula con nosotros y únete al equipo FRACTAL!",Lima,Híbrido
Analista Programador - Apache Nifi,"Desarrollador Backend Java Senior – Únete a nuestro equipo en Minsait More digital. More human. More Minsait. Somos una empresa líder global en tecnología y consultoría digital que conecta personas, tecnología y negocios para generar crecimiento, transformación e impacto positivo y sostenible. ¿A quién buscamos? Buscamos Analista Programador con experiencia en Apache Nifi con experiencia en el rubro y ganas de sumarse a nuestros equipos multidisciplinarios para desarrollar soluciones innovadoras. Requisitos: Egresados o bachiller de ingeniería de software o carreras afines. 2 a 3 años de experiencia en desarrollo e integración de sistemas. Diseño y desarrollo de soluciones con Apache NiFi. Desarrollo en Groovy para manipulación de datos. Implementación de componentes en SQL. Experiencia con bases de datos SQL y NoSQL. Desarrollo de integraciones de sistemas y procesos ETL (Extract, Transform, Load). Diagnóstico y solución de errores en los programas. Implementación de medidas de seguridad en las soluciones desarrolladas. Colaboración con equipos de desarrollo y operaciones para la implementación y mantenimiento de aplicaciones. Comunicación efectiva con los stakeholders sobre avances del proyecto. Conocimientos valorados (Deseables): Creación y optimización de flujos de datos en Apache NiFi. Scripting con Groovy. Protocolos de comunicación: REST, MQTT, Kafka, JMS. Monitoreo y logging para seguimiento de procesos. Condiciones de trabajo: Modalidad Híbrida (2 veces por semana en oficinas) en el distrito de San Isidro. Horario de trabajo de Lunes a Viernes de 9:00am a 6:30pm. Beneficios: Planilla Completa desde el 1er día de trabajo. Cobertura al 100% de EPS. Convenios Corporativos. Acceso ilimitado a cursos y certificaciones online en Udemy. Crecimiento y desarrollo profesional. ¡Anímate y postula con nosotros!",San Isidro,Híbrido
Desarrollador DevOps - Híbrido,"CSTI Corp es una empresa peruana líder en la industria TI con más de 15 años en el mercado en países como Perú, Ecuador, Colombia, Costa Rica y Estados Unidos. Ofrece soluciones de negocios en las líneas de Outsourcing, Licenciamientos SAP y Microsoft, soporte y mejora de aplicaciones, así como implementación y migración de sistemas bajo estrategias Cloud, aprovechando su alianza con marcas como Amazon, Azure, Huawei Cloud y Google Cloud. Nos encontramos en la búsqueda de ""Desarrollador DevOps"": Requisitos: Experiencia de 2 a 3 años en desarrollo de aplicaciones de software. Experiencia en Jira a nivel de tareas de administración: creación/modificación de flujos, roles, automatizaciones, etc. Experiencia en CI/CD para aplicaciones moviles (Android / iOS) y conocimiento de las diferentes tiendas de aplicaciones en donde se realiza el despliegue de nuevas versiones de aplicaciones web, mobile, etc. Experiencia creando pipelines de complejidad intermedia que involucre: Shell scripting, ansible, groovy. Experiencia en despliegue de componentes en Kubernetes. Experiencia trabajando en incidencias con herramientas DevSecOps. Experiencia en Frontend en prácticas de CI/CD para aplicaciones/componentes Front-end (compilación, tipos de despliegue, ofuscamiento, SCA, SAST e implementarlas de forma automatizada). Condiciones: Modalidad Hibrida 2 veces a la semana en oficina en Chorrillos. Salario bajo PLANILLA COMPLETA en CSTI. Horario de lunes a viernes de 8:00 am a 6:00pm. ¡Ven y únete al equipo de CSTI CORP!",Lima,Híbrido
Desarrollador Full Stack,"¡En YOFC Perú, empresa trasnacional de Telecomunicaciones, queremos talento como el tuyo! Por tal motivo, te invitamos a participar en nuestro proceso para la búsqueda de DESARROLLADOR FULL STACK ¿Cuáles serían tus funciones? Apoyar a la organización en la gestión de sistemas de la empresa: CRM, FMS, NAS, SRMS y otras plataformas. Facilitar el flujo de datos en la plataforma de operación y mantenimiento, incluyendo la ayuda a los usuarios para modificar datos y asignar permisos. Apoyar la escritura SQL y el uso del lenguaje Java para escribir código y desarrollar interfaces. Gestionar la implementación y el lanzamiento de proyectos Java (paquetes jar y war). Apoyar al desarrollo en plataformas low-code. Apoyar la operación y el mantenimiento de Linux y la resolución de fallos del programa. Apoyar en la redacción de manuales de desarrollo y de operación y mantenimiento. ¿Qué te hace el mejor candidato para nosotros? Bachiller o Titulado en carreras universitarias de Sistemas, Informática o afines. Manejo de SQL, MySQL y Oracle. Mínimo 3 años de experiencia realizando funciones similares. Conocimiento de Java, RESTful y especificaciones de desarrollo de interfaces de servicios web. Conocimiento de los comandos de operación y mantenimiento diarios de Linux, comprensión del protocolo HTTP. Conocimiento de la plataforma low-code. Inglés avanzado (escrito y oral) ¡Conócenos! Somos el mayor proveedor de fibra óptica del mundo. Ofrecemos soluciones integrales y con una cartera de productos diversa y flexible, con especial presencia en las industrias de las telecomunicaciones, servicios públicos, transporte, petroquímica y médica. En el Perú estamos a cargo del Proyecto Regional para implementar fibra óptica en 4 regiones del País (Arequipa, Ancash, San Martín y La Libertad). Valoramos un ambiente inclusivo: En YOFC Perú, promovemos un ambiente laboral inclusivo y rechazamos toda forma de discriminación. Por eso, en nuestros procesos de selección buscamos que los candidatos y candidatas tengan igualdad de oportunidades para unirse a nuestro equipo de acuerdo con nuestras políticas internas y conforme a lo establecido en la Ley N° 29973. Si tienes alguna discapacidad o necesidad especial, podemos brindarte las facilidades y/o ajustes razonables que necesites.",San Isidro,Presencial
Programador Java,"Somos Inetum, una compañía de servicios ágiles que proporciona soluciones digitales y un grupo global de tecnólogos que acompaña a sus clientes en el proceso de digitalización aprovechando al máximo el digital flow. Ofrecemos a nuestros clientes una combinación única de proximidad, organización sectorial y soluciones de calidad. Presente en más de 26 países, el Grupo tiene cerca de 27.000 colaboradores y apunta a continuar creciendo. ¡En Inetum acompañamos a nuestros clientes y colaboradores en su camino al éxito! Si te gusta reinventarte y resolver problemas con nuevas estrategias, trabajar en proyectos de IT y de negocios: ¡Postula ahora! Actualmente nos encontramos en búsqueda de (01) Desarrollador Java Cloud que se integre a nuestro equipo en un importante proyecto con una prestigiosa entidad. ¿Qué perfil buscamos? Conocimiento en Microservicios (Java), JDK (8, 11, 17), Spring, Springboot, NONSQL Database (CosmosDB, MongoDB), SQL Database (SQL Server, Azure SQL) Conceptos: Clean code, SOLID, TDD, Patrones GoF Prácticas: Refactoring, Code Review, Unit Test, documentación con UML Programación: Clases, objetos, colecciones, archivos, flujos, operadores // Programación reactiva con webflux (indispensable experiencia) POO: abstracción, interfaces, composición, polimorfismo, herencia Java: JDK 8, JDK 11. Git: checkout, ramas, tags, conflictos, merging SQL: tablas, columnas, consultas básicas, agregación, planes de ejecución Pruebas unitarias: JUnit, Mockito, Lombok Spring Boot Conocimientos sólidos con Azure Funciones Cumplir las tareas asignadas por los líderes según la metodología definida. Desarrollo de las opciones en la nueva arquitectura. Pruebas unitarias de las opciones desarrolladas. Cumplir con la metodología de desarrollo establecido y uso de las herramientas. ¿Cuáles son los detalles del puesto? Remuneración en planilla con las condiciones de ley. Trabajo híbrido ( 2 vez por semana como máximo de asistencias en San Isidro) Concepto por movilidad.. Beneficios corporativos y descuentos por ser parte del equipo Inetum. Capacitaciones constantes acorde a tu línea de carrera y otras de interés general. Participar en proyecto de gran envergadura. Conoce más de nosotros en www.inetum.com/es o visita nuestras redes sociales como Inetum Perú para conocer más de nuestra cultura corporativa y metodologías de trabajo. ¡Te esperamos! En Inetum promovemos la diversidad de género, origen étnico, nacionalidad, la inclusión de personas con discapacidad y/o habilidades diferentes mediante la igualdad de oportunidades en todos los procesos y buscamos ampliar las oportunidades de desarrollo profesional.",San Isidro,Híbrido
Especialista en Gestion de Inventario,"Métrica Andina es la primera filial latinoamericana del grupo de consultoría español Métrica Consulting. El grupo comenzó operaciones con el inicio del nuevo siglo y desde entonces ha participado en distintos proyectos en distintos países de Europa Occidental y Latino América. Con Métrica Andina, hemos comenzado a ofrecer nuestros servicios técnicos en el mercado Peruano y desde ahí queremos llegar a la región andina en los próximos años. Por encargo de nuestro cliente, nos encontramos en la búsqueda de un Especialista en Gestion de Inventario Requisitos: Minimo 1 año de experiencia en algun software de gestion de inventario, realizando inventario de activos de tecnologia, gestion de activos de servidores. Experiencia con SNOW Software SLM y BMC Discovery (Deseable) Conocimientos en integración de herramientas ITAM con otras soluciones. Beneficios: Planilla desde el primer día con todos los beneficios acorde a ley. Remuneración fija superior al mercado. Seguro Vida Ley. Participar de un programa de reconocimiento. Buen clima laboral Convenios educativos, descuentos en centros comerciales, recreativos, etc. Pertenecer a una prestigiosa empresa de tecnología y generar lazos transnacionales. En Métrica Perú estamos comprometidos con la inclusión, diversidad y equidad de género. Por ello, los procesos de selección buscan asegurar la igualdad de derechos y oportunidades. ¡Si estás listo para dar el siguiente paso en tu carrera y te apasiona la tecnología, esta es tu oportunidad! #ChambeaenMétrica",Lima,Presencial
Analista programador .Net,"PROTIVITI es una firma de consultoría global que asiste a las empresas solucionando problemas en las áreas de finanzas, tecnología, operaciones, gobierno corporativo, riesgos, auditoría interna y procesos de selección. Puedes conocer más de nosotros aquí: https://protivitiperu.com/ En esta oportunidad, nos encontramos en búsqueda de un(a) Programador .Net que cumpla con lo siguiente: Requisitos: Estudios en Ingeniería de Sistemas, Software, Ciencias de la Computación. Experiencia de 2 a 3 años en proyectos NET, .NET CORE y Angular Experiencia en Base de datos SQL Server, My SQL Condiciones: Proyecto por 2 mese (renovable 1 mes) Híbrido (1 vez por semana en sede del callao). Pago en planilla con todos los beneficios de ley. EPS cubierto parcialmente Equipos y capacitación Lunes a viernes de 9am a 6pm",Callao,Remoto
Analista Programador Net,"Empresa líder en el sector industrial textil, dedicada a la fabricación de tejido plano, se encuentra en la búsqueda de un profesional para ocupar la posición de ANALISTA PROGRAMADOR NET: FUNCION PRINCIPAL: Desarrollo de aplicaciones web con lenguaje .NET, Mantenimiento a los programas administrativos hechos en VB y .NET, MSSQL server 2018, 2016 REQUISITOS: Titulado en Ingeniería de Sistemas, -Ingeniería de Sistemas, Ingeniería Informática, Programación, Desarrollo de Software o carreras afines. Experiencia mínima de 03 años como analista programador encargado de proyectos de implementación de ERPs. Exhibir casos específicos donde haya logrado exitosamente desarrollar proyectos de ERPs. Disponibilidad de laborar de Lunes a Viernes de 8.00am a 17.15pm CONOCIMIENTOS NECESARIOS: Microsoft .Net Framework (Web/Desktop) Avanzado Net Core 8 Avanzado (MVC) (deseable) Desarrollo de API REST Lenguaje de Programación C/VB Conocimiento en Programación Orientada a Objetos y Patrones de Diseño de Software(deseable) SQL Server/DB2 Avanzado (Transact) Análisis funcional, Modelamiento de Procesos COMPETENCIAS: Comunicación efectiva y asertiva. Enfoque en resultados. Trabajo en equipo. Capacidad para analizar y resolver problemas. BENEFICIOS: Sueldo acorde al mercado. Ingreso a planilla con todos los beneficios de ley. Alimentación a través del sistema de prestaciones alimentarias. Integrarse a una empresa sólida y de reconocido prestigio.",San Juan De Lurigancho.,Presencial
Programador Cobol Senior,"Trae tu talento a Indra, una compañía global de consultoría y tecnología, con presencia en los 5 continentes y más de 40.000 profesionales. Trabajarás en un entorno de soluciones y servicios innovadores para nuestros clientes en los principales sectores de actividad, aportándoles valor añadido. Participarás de la transformación de los negocios trabajando con profesionales de referencia. Buscamos un Programador Cobol con ganas de trabajar en nuestros equipos multidisciplinares. Requisitos: Usar técnicas y herramientas UML para diseñar procesos de complejidad baja. Spool para reconocer errores mas avanzados como los Abends. Construir programas que accedan a archivos VSAM KSDS, ESDS y RRDS. BBDD y SQL. Conceptos básicos de la tecnología Cicsplex, LPAR, Zconnect. Conceptos de mirror transaction e interacción del mismo con los cics y las apis invocadoras. Beneficios: Planilla Completa desde el 1er día de trabajo. Cobertura al 100% de EPS. Convenios Corporativos. Acceso ilimitado a cursos y certificaciones online en Udemy. Crecimiento y desarrollo profesional. Bono de teletrabajo. ¡Anímate y postula con nosotros!",Lima,Híbrido
Programador Web Front-End,"La Cámara de Comercio Exterior es una organización que tiene como propósito establecer lazos empresariales, los cuales incentivan, incrementan y desarrollan la economía a nivel internacional. A su vez, junto a su canal educativo, busca el crecimiento profesional de las personas gracias a nuestros cursos de educación continua. Requisitos: Egresado o Estudiante del último ciclo de la carrera de Computación e Informática o afines. Conocimiento en HTML, CSS, JavaScript, Tailwind CSS, Sass o LESS, Bootstrap, Maquetación web, Figma, Consumo de Apis, Git. Mínimo 1 año desarrollando soluciones web y landings. Responsabilidades: Creación, modificación y mantenimiento de webs y landings responsive. Desarrollar interfaces de usuario atractivas y funcionales Optimizar el rendimiento de la aplicación web Documentar el desarrollo y mantenimiento del código Trabajar en equipo con desarrolladores. Seguir las tendencias y mejores prácticas del desarrollo web Beneficios: Planilla directa con beneficios de ley. Sueldo de acuerdo al mercado. Horario: Lunes a Viernes 9am - 5:45pm y Sábados de 9am - 1pm. Lugar: San Isidro",San Isidro,Presencial
Desarrollador Full Stack Java / Angular.JS Senior,"🚀 ¡Únete a Minsait como Desarrollador Full Stack Java + AngularJS Senior! En Minsait, empresa global líder en tecnología y consultoría digital, buscamos un Desarrollador Full Stack Java + AngularJS Senior con amplia experiencia y habilidades para liderar desarrollos end-to-end, aportando soluciones tecnológicas innovadoras y de alta calidad a nuestros proyectos. 🔹 Requisitos: ✅ Experiencia mínima de 5 años en: Conocimientos en UML Conocimiento y experiencia en diseño de APIs Conocimiento y experiencia en diseño de servicios web Conocimiento y experiencia en interfaces REST y SOAP Conocimiento y experiencia en orquestación de servicios Conocimiento y experiencia en bases de datos Oracle, sql. Conocimientos y experiencia en java, angularjs, springboot, 💡 Habilidades blandas que valoramos: ✔ Autonomía y capacidad de autogestión. ✔ Proactividad en la resolución de problemas. ✔ Comunicación asertiva para trabajar en equipo de manera efectiva. 🎯 Beneficios de ser parte de Minsait: 🔹 EPS 100% cubierta. 🔹 Contrato a plazo fijo (renovable). 🔹 Acceso total a Udemy para formación continua. 🔹 Asesorías nutricionales y psicológicas gratuitas. 🔹 Oportunidades de crecimiento y desarrollo profesional. 🔹 Kit ergonómico para trabajo remoto. 🔹 Descuentos corporativos. 🔹 Trabajo remoto de lunes a viernes, de 7:00 a.m. a 4:30 p.m. 💡 Minsait, tecnología para un futuro más humano. 📩 ¡Si cumples con los requisitos y buscas un reto emocionante, postula y sé parte de nuestro equipo! 🚀",San Isidro,Remoto
Desarrollador Backend AWS,"Entelgy Perú se estableció en 2014. En este breve periodo de tiempo ya ha conseguido, gracias a su experiencia internacional, grandes proyectos en distintos rubros, como en empresas de Distribución, Telecomunicaciones, Banca, Energía e Industria. Mantiene alianzas con organizaciones innovadoras y fabricantes líderes del sector con el fin de aportar más valor añadido y soluciones completas a las necesidades de sus clientes. Es partner de grandes fabricantes internacionales como SAP / OpenText, Liferay, Infovista, Qlikview, TTGuide. DÉJANOS CONTARTE LO QUE NOS HACE GENUINE Buscamos profesionales que quieran reinventarse cada día, que enfrentarse a los retos vaya en su ADN y que sientan pasión por trabajar con la tecnología/ciberseguridad. Esto nos hace únicos, diferentes y auténticos. ¿QUÉ ESTAMOS BUSCANDO? Estamos en la búsqueda de profesionales con experiencia como Analista Desarrollador Backend, con conocimiento en AWS Funciones: Análisis de componentes y participación en el ciclo de vida de desarrollo de software (indispensable). Coordinación con diferentes actores para la construcción de piezas de software. Requisitos: Competencia técnica de OOP, patrones de diseño de software, buenas prácticas de desarrollo y puede diseñar una aplicación por sí solo en un lenguaje de alto nivel. Competencia técnica de desarrollo API REST bajo un marco de programación como: SpringBoot, Express.JS, Nest.JS, etc. Competencia técnica en administrar el código con git: versionar, ramas, rebase, integrar commits a una rama a través de Pull Request y code review. Competencia técnica en diseño, creación y ejecución de pruebas unitarias de los componentes creados. Competencia técnica en desarrollo de servicios con BBDD relacionales y/o no relaciones. Competencia técnica en infraestructura OnCloud. Competencia técnica de gestión de paquetes y versiones. Competencia técnica en Javascript, WebServices, AWS. Opcional: Java, Python, TypeScript. Competencia técnica en prácticas de seguridad. PORQUE EN ENTELGY TODO COMIENZA CONTIGO Únicos, Reales, Auténticos, Diferentes…… Somos 100% GENUINE. Nuestra cultura se vive en el día a día, somos como una gran familia y formamos Entelgy Family, donde podrás participar en diferentes actividades, eventos, retos y mucho más. También tenemos un conjunto de iniciativas orientadas a potenciar que tengas una vida sana y equilibrada, nuestro compromiso de contribuir a nuestra sociedad con iniciativas para el Cuidado del medio ambiente, Voluntariado comunitario, Sensibilización sobre personas vulnerables, etc. Health & Wellness, Responsabilidad Social, Programa para el Cuidado del Medio Ambiente. ASÍ ES COMO PONEMOS TODO NUESTRO TALENTO EN POTENCIAR EL TUYO Ven para formar parte de nuestro equipo, y descubre que no es sólo lo que hacemos, sino cómo lo hacemos. ¡Atrévete a vivir una experiencia Genuine! Proyectos retadores para grandes clientes: Trabajarás en proyectos de gran relevancia para nuestros clientes, junto a un gran equipo de profesionales desde el primer día. Un progreso acelerado: Tu crecimiento estará garantizado y potenciado. Vamos contigo en lo que necesites. Beneficios Incorporación a una empresa trasnacional con excelente clima laboral y todos los beneficios de Ley. Desarrollo de línea de carrera con grandes clientes en Perú y otros países. Acceso a nuestra universidad corporativa Entelgy College con capacitaciones constantes. Acceso a nuestro Programa Certificate para que nuestros profesionales puedan utilizarlo para una o dos certificaciones, de IT o de Idiomas, al año. Beneficio de descuentos con convenios con instituciones académicas en Post grado, maestría y MBA. Seguro de salud privado (EPS) cubierto al 100% Seguro Vida Ley.",Lima,Híbrido
Desarrollador Mobile,"SOFTWARE ENTERPRISE SERVICES Somos una empresa peruana de Tecnologías de la Información y Comunicaciones, que cuenta con amplia experiencia en la prestación de servicios informáticos mediante Outsourcing TI y Fábrica de Software, para clientes nacionales e internacionales, asegurando la calidad de servicio con sólidos procesos estandarizados en un sistema integrado de gestión. Nos encontramos en la búsqueda del mejor talento para ocupar la siguiente posición Desarrollador Mobile Requisitos: Universitario titulado, Universitario egresado, Universitario Bachiller, Técnico Egresado o Técnico Titulado. - Experiencia mínima de 4 años en trabajos con funciones similares o afines (indispensable). Conocimiento sobre desarrolo de código seguro (indispensable). Conocimientos con arquitecturas como MVVM, MVP o Clean (indispensable). Conocimientos básicos de integración y despliegue continuo (CI/CD) (indispensable). Conocimientos en diseño responsivo y buenas prácticas de UX/UI (indispensable). Experiencia en el sector público (deseable). Requisitos Técnicos: Experiencia mínima de 2 a 4 años desarrollando en aplicaciones móviles en Android (indispensable). Experiencia mínima de 2 a 4 años en Kotlin (obligatorio). Experiencia con Java y Angular 17 (indispensable). Experiencia con bases de datos como: MS SQL Server y Postgre SQL (indispensable). Competencia: Comunicación asertiva. Proactivo. Trabajo en equipo. Beneficios: Planilla completa. EPS (Opcional). Oportunidad de línea de carrera.",Cercado De Lima,Híbrido
